"","geo_code","geometry","length_cycleway"
"1","E02002330",list(c(-1.39204601386628, -1.39898851904037, -1.41052296181654, -1.41776391582248, -1.42058129018772, -1.41502825578997, -1.41207325885691, -1.40835694227674, -1.40670959057968, -1.41062908006184, -1.40919684044206, -1.40913978797724, -1.40234680508514, -1.40068366211629, -1.397197701676, -1.38367444758963, -1.38642746720012, -1.38467936713278, -1.38330682679834, -1.39204601386628, 53.9298985156671, 53.9155692648391, 53.9174706930525, 53.9152151874504, 53.9193313866885, 53.9212743159411, 53.919534070117, 
53.9278813063122, 53.9278497276102, 53.9301555347111, 53.935465644567, 53.9354753319616, 53.9368307199076, 53.9384460297862, 53.9425290747716, 53.9414562438759, 53.9386801014139, 53.9368294063405, 53.9328110371557, 53.9298985156671)),0
"2","E02002331",list(c(-1.34040535365486, -1.34471185131035, -1.33953893553826, -1.30719138727133, -1.30899207267284, -1.30042038000994, -1.29431318543134, -1.3073106175087, -1.29720342744869, -1.30058763896209, -1.313723325432, -1.32105410033646, -1.32227163451395, -1.3286996732072, -1.34509349837698, -1.35050129992983, -1.35766053306491, -1.36404968390647, -1.35993434507071, -1.36284346947241, -1.3700386568528, -1.37092546023773, -1.38602910664538, -1.3781735000465, -1.39046213335664, -1.3865537603707, -1.39821082012164, 
-1.39898851904037, -1.39204601386628, -1.38330682679834, -1.38467936713278, -1.38642746720012, -1.38367444758963, -1.3816827008995, -1.34040535365486, 53.9458883139927, 53.9395015638221, 53.9408099410645, 53.9345432740461, 53.9240979465195, 53.9294166756651, 53.9272169025471, 53.9214944307811, 53.9216821211169, 53.907485560575, 53.9047021269994, 53.9034801782488, 53.9004570179368, 53.9017501932922, 53.9069246369041, 53.9090794767465, 53.9072723334013, 53.90881825795, 53.9116670256859, 53.9143553564299, 
53.9155300058567, 53.9075478518638, 53.9099031803574, 53.9061654528398, 53.9081101733596, 53.9124440935937, 53.9147864635931, 53.9155692648391, 53.9298985156671, 53.9328110371557, 53.9368294063405, 53.9386801014139, 53.9414562438759, 53.9404872801409, 53.9458883139927)),0
"3","E02002332",list(c(-1.68221121688661, -1.68859395854804, -1.69515614635835, -1.70099292803814, -1.70219617573786, -1.7093298410927, -1.71569320525106, -1.72724490411886, -1.72721692534798, -1.7223141164894, -1.71795864779234, -1.71630195287085, -1.70611236773779, -1.70708360507915, -1.69851983015193, -1.69010295159542, -1.68819907623153, -1.68221121688661, 53.9104614497438, 53.9067252239245, 53.9085265683068, 53.9046206811391, 53.9043304802782, 53.9021134637111, 53.9050494991001, 53.9095241158741, 53.9101968515047, 
53.9119581726928, 53.9085422074112, 53.9165522839123, 53.9170708113116, 53.9191310963892, 53.9169214843346, 53.9167133855175, 53.9117419271192, 53.9104614497438)),0
"4","E02002333",list(c(-1.65221716673787, -1.65202987363452, -1.66080361860277, -1.68628776849844, -1.69805646135286, -1.71729314489487, -1.71839534949247, -1.73134143124723, -1.73121423367442, -1.72724490411886, -1.71569320525106, -1.7093298410927, -1.70219617573786, -1.70099292803814, -1.69515614635835, -1.68859395854804, -1.68221121688661, -1.66305314135738, -1.65221716673787, 53.9106654541711, 53.9057224246934, 53.8890511248299, 53.8919074936965, 53.8933038309696, 53.8922981126789, 53.8929474382471, 53.8957666430269, 
53.9024731410066, 53.9095241158741, 53.9050494991001, 53.9021134637111, 53.9043304802782, 53.9046206811391, 53.9085265683068, 53.9067252239245, 53.9104614497438, 53.9131612525027, 53.9106654541711)),0
"5","E02002334",list(c(-1.36404968390647, -1.35766053306491, -1.35050129992983, -1.34509349837698, -1.3286996732072, -1.32227163451395, -1.3167774140617, -1.3208042355548, -1.31576029717839, -1.31969403026004, -1.31178354546849, -1.31724919234562, -1.3301406226786, -1.33073873354685, -1.35297030876927, -1.36023988112902, -1.36780289114735, -1.36301123814399, -1.36818246281295, -1.38696233394832, -1.38520501444126, -1.39536071345462, -1.40086951956276, -1.40273912185372, -1.40847086993283, -1.41492950285863, -1.41217861137326, 
-1.40211048976008, -1.39745095963067, -1.40104402223296, -1.39542220655032, -1.39013116506435, -1.3890550417539, -1.3811261181622, -1.37576490548361, -1.3781735000465, -1.38602910664538, -1.37092546023773, -1.3700386568528, -1.36284346947241, -1.35993434507071, -1.36404968390647, 53.90881825795, 53.9072723334013, 53.9090794767465, 53.9069246369041, 53.9017501932922, 53.9004570179368, 53.8920259113812, 53.8837879637188, 53.8794909420156, 53.8789576927333, 53.8668752828474, 53.8626890979764, 53.8615926078161, 
53.8615780096566, 53.8567503678463, 53.8610580097337, 53.857716816989, 53.8600067995748, 53.8628015297311, 53.8671300745817, 53.8761126870403, 53.870975603114, 53.868911516086, 53.8722912733986, 53.8713598430171, 53.8752138018773, 53.8885384678522, 53.8838825598034, 53.8855375070764, 53.8889814715093, 53.8896013864639, 53.8844282817243, 53.8926035276129, 53.8981337576531, 53.903533028713, 53.9061654528398, 53.9099031803574, 53.9075478518638, 53.9155300058567, 53.9143553564299, 53.9116670256859, 53.90881825795
)),3963.78207877253
"6","E02002335",list(c(-1.40835694227674, -1.41207325885691, -1.41502825578997, -1.42058129018772, -1.41776391582248, -1.41052296181654, -1.39898851904037, -1.39821082012164, -1.3865537603707, -1.39046213335664, -1.3781735000465, -1.37576490548361, -1.3811261181622, -1.3890550417539, -1.39013116506435, -1.39542220655032, -1.40104402223296, -1.39745095963067, -1.40211048976008, -1.41217861137326, -1.41492950285863, -1.43021876312128, -1.43369167598329, -1.44616700594483, -1.4524081910337, -1.46840572621848, -1.4746060155096, 
-1.47095564646269, -1.49047927304591, -1.50075440971843, -1.50180582835892, -1.50026556593194, -1.50952071336738, -1.50633128303056, -1.51678051507289, -1.51501210606957, -1.53379672506241, -1.52604901868717, -1.53144051792661, -1.5606245305597, -1.55789168560935, -1.55257753229885, -1.54850059836534, -1.52859646437612, -1.49467224214414, -1.4860267055658, -1.47213507853201, -1.47097801956226, -1.47066166288785, -1.46664347946663, -1.46296830926139, -1.4503026925745, -1.43998938609976, -1.43440778356982, 
-1.43013541415976, -1.43234428696583, -1.42811441563117, -1.40835694227674, 53.9278813063122, 53.919534070117, 53.9212743159411, 53.9193313866885, 53.9152151874504, 53.9174706930525, 53.9155692648391, 53.9147864635931, 53.9124440935937, 53.9081101733596, 53.9061654528398, 53.903533028713, 53.8981337576531, 53.8926035276129, 53.8844282817243, 53.8896013864639, 53.8889814715093, 53.8855375070764, 53.8838825598034, 53.8885384678522, 53.8752138018773, 53.8754504158372, 53.8709947630284, 53.8733040090584, 
53.8684760481207, 53.86880282585, 53.8622051622208, 53.859386043251, 53.856421835139, 53.8564546301696, 53.856554907743, 53.8581574705898, 53.85882579633, 53.8603247190227, 53.8586697906373, 53.8653758762111, 53.8717274030514, 53.8745172491903, 53.8797381159719, 53.8889365471202, 53.903138001539, 53.9030079831389, 53.9109495193584, 53.9086990089062, 53.915337659657, 53.910912195776, 53.9112660843391, 53.9113491924089, 53.9113124138799, 53.9104278791082, 53.9059999604018, 53.9073145506935, 53.9139828693563, 
53.9101790771565, 53.9138205823109, 53.9274512449977, 53.9294396999036, 53.9278813063122)),0
"7","E02002336",list(c(-1.567943461298, -1.56288314609293, -1.55721117474021, -1.55704721173173, -1.55257753229885, -1.55789168560935, -1.5606245305597, -1.57323011516564, -1.57123934880656, -1.58037170361654, -1.58938312307203, -1.58150074269583, -1.58831246863871, -1.61202503756989, -1.61465316729297, -1.63536319667364, -1.63092321093638, -1.63067688220278, -1.64125679080882, -1.65632947831896, -1.66238236527124, -1.67220286626391, -1.66381670543673, -1.6718039350679, -1.67349527239705, -1.68943701022895, -1.69057543403004, 
-1.68628776849844, -1.66080361860277, -1.65202987363452, -1.64225983352392, -1.6213165674474, -1.61282129868345, -1.59999328902322, -1.59924817529115, -1.58636618802404, -1.58289969985244, -1.567943461298, 53.9108377370192, 53.9039300227082, 53.9048853114468, 53.9048720714197, 53.9030079831389, 53.903138001539, 53.8889365471202, 53.8895220282471, 53.8842607297884, 53.8880444796152, 53.8851014003525, 53.8703637027325, 53.8687603963646, 53.8726933980421, 53.8720878786659, 53.8720533297141, 53.8586364467293, 
53.8568785712956, 53.8582713574382, 53.8548541107346, 53.860828183595, 53.8637164480649, 53.8730737557018, 53.8750085811053, 53.8753023946236, 53.87562075561, 53.8780150039863, 53.8919074936965, 53.8890511248299, 53.9057224246934, 53.9073637807549, 53.9033766969434, 53.9059378436567, 53.9097763946302, 53.9039821305377, 53.9012989513415, 53.909359749087, 53.9108377370192)),259.32217834859
"8","E02002337",list(c(-1.77633261349005, -1.77388578181355, -1.7673015300406, -1.7522207125169, -1.74746819295215, -1.73774145289523, -1.72912959314938, -1.72558805221829, -1.72675323011805, -1.71729314489487, -1.69805646135286, -1.68628776849844, -1.69057543403004, -1.6970988153293, -1.69467755857324, -1.70669584888919, -1.71213326717115, -1.71856948006702, -1.72160269359467, -1.72106953653989, -1.71893184481835, -1.72360833347156, -1.72291965663712, -1.74289086979212, -1.75348782267309, -1.76097814230036, -1.77596300794805, 
-1.77633954193765, -1.77872440010107, -1.79465162700613, -1.80036218248575, -1.79496263608825, -1.78746504538135, -1.77667968145526, -1.77952673224966, -1.77633261349005, 53.8900523605365, 53.8891796144189, 53.8902160793606, 53.8849658444627, 53.8855003057329, 53.886649098395, 53.8857469063208, 53.8856907507634, 53.8882079314734, 53.8922981126789, 53.8933038309696, 53.8919074936965, 53.8780150039863, 53.8745554424956, 53.8763306769805, 53.876933897695, 53.8760212979111, 53.8807324706112, 53.8767625476613, 
53.8742406743062, 53.8707587059982, 53.8710135897588, 53.8648476399688, 53.8633551349946, 53.8674244011404, 53.8638472212159, 53.8706593785067, 53.8708244177878, 53.8785962713644, 53.8805198157219, 53.8859143424356, 53.8946279362256, 53.8969004296137, 53.8938520310817, 53.8911915157515, 53.8900523605365)),0
"9","E02002338",list(c(-1.71856948006702, -1.71213326717115, -1.70669584888919, -1.69467755857324, -1.6970988153293, -1.6956030147517, -1.70159845526628, -1.70291185420868, -1.70380836488546, -1.7048210397792, -1.70054589447875, -1.70263974728786, -1.70337586924099, -1.71461726701649, -1.72291965663712, -1.72360833347156, -1.71893184481835, -1.72106953653389, -1.72160269359467, -1.71856948006702, 53.8807324706112, 53.8760212979111, 53.876933897695, 53.8763306769805, 53.8745554424956, 53.8717015739034, 53.8721840847308, 
53.8698772819383, 53.8701229724997, 53.8684599392023, 53.8661317928935, 53.8618207675693, 53.860393938306, 53.8659927009332, 53.8648476399688, 53.8710135897588, 53.8707587059982, 53.874240675205, 53.8767625476613, 53.8807324706112)),1403.60864969146
"10","E02002339",list(c(-1.68928156390431, -1.69212861561647, -1.68764954696175, -1.69009106747119, -1.68002313211667, -1.68610878128359, -1.68066418596771, -1.68862000777241, -1.68908518364723, -1.69329621343539, -1.70263974728786, -1.70054589447875, -1.7048210397792, -1.70380836488546, -1.70291185420868, -1.70159845526628, -1.6956030147517, -1.6970988153293, -1.69057543403004, -1.68943701022895, -1.69260453805984, -1.68928156390431, 53.8728898761472, 53.8701800665773, 53.8685084991202, 53.8660259012003, 53.8662242385106, 
53.8645278928876, 53.8611541184444, 53.8614113357171, 53.8615859070582, 53.860907484201, 53.8618207675693, 53.8661317928935, 53.8684599392023, 53.8701229724997, 53.8698772819383, 53.8721840847308, 53.8717015739034, 53.8745554424956, 53.8780150039863, 53.87562075561, 53.8739480506236, 53.8728898761472)),1436.81407337019
"11","E02002340",list(c(-1.66381670543673, -1.67220286626391, -1.67651021501479, -1.67654114237067, -1.67924088215458, -1.68722967740459, -1.68862000777241, -1.68066418596771, -1.68610878128359, -1.68002313211667, -1.69009106747119, -1.68764954696175, -1.69212861561647, -1.68928156390431, -1.69260453805984, -1.68943701022895, -1.67349527239705, -1.6718039350679, -1.66381670543673, 53.8730737557018, 53.8637164480649, 53.8600330299697, 53.8599858522167, 53.8578558686216, 53.8582440002063, 53.8614113357171, 53.8611541184444, 
53.8645278928876, 53.8662242385106, 53.8660259012003, 53.8685084991202, 53.8701800665773, 53.8728898761472, 53.8739480506236, 53.87562075561, 53.8753023946236, 53.8750085811053, 53.8730737557018)),497.988043275239
"12","E02002341",list(c(-1.5606245305597, -1.53144051792661, -1.52604901868717, -1.53379672506241, -1.51501210606957, -1.51678051507289, -1.50633128303056, -1.50952071336738, -1.50026556593194, -1.50180582835892, -1.51001232401775, -1.52236647333468, -1.52260963565319, -1.52589777218845, -1.53036143061562, -1.53527264413372, -1.54036229254065, -1.54525568542942, -1.55123079264972, -1.55264692203679, -1.55585413248559, -1.56118937641393, -1.56557111532882, -1.57493066989924, -1.57973264448544, -1.58831246863871, -1.58150074269583, 
-1.58938312307203, -1.58037170361654, -1.57123934880656, -1.57323011516564, -1.5606245305597, 53.8889365471202, 53.8797381159719, 53.8745172491903, 53.8717274030514, 53.8653758762111, 53.8586697906373, 53.8603247190227, 53.85882579633, 53.8581574705898, 53.856554907743, 53.8568025355341, 53.8558062921214, 53.8558683780983, 53.8577602923551, 53.8566646103449, 53.8621033457873, 53.8569189221064, 53.8570420944329, 53.8570857782424, 53.8515274142073, 53.8513837364458, 53.8510625129104, 53.8498389354411, 
53.855327233401, 53.8601254473827, 53.8687603963646, 53.8703637027325, 53.8851014003525, 53.8880444796152, 53.8842607297884, 53.8895220282471, 53.8889365471202)),789.206531585075
"13","E02002342",list(c(-1.60573445597283, -1.6131615902366, -1.61366038433798, -1.6154091525843, -1.62574175244206, -1.62162438038997, -1.62282858572733, -1.63002299218396, -1.62984847893299, -1.63066059446323, -1.63067688220278, -1.63092321093638, -1.63536319667364, -1.61465316729297, -1.61364417628599, -1.60823882426898, -1.60573445597283, 53.8581877423956, 53.8554413238481, 53.8532039352665, 53.856366978292, 53.8553632185164, 53.8555665021603, 53.8530262883008, 53.8502382165394, 53.8537375194118, 53.8568524388092, 
53.8568785712956, 53.8586364467293, 53.8720533297141, 53.8720878786659, 53.8650094676287, 53.8639144904387, 53.8581877423956)),0
"14","E02002343",list(c(-1.66238236527124, -1.65632947831896, -1.66044669061445, -1.66947537988551, -1.67662321878021, -1.68544331272551, -1.69399146882865, -1.69382799790613, -1.69509212564013, -1.70206471612544, -1.70337586924099, -1.70263974728786, -1.69329621343539, -1.68908518364723, -1.68862000777241, -1.68722967740459, -1.67924088215458, -1.67654114236373, -1.67651021501479, -1.67220286626391, -1.66238236527124, 53.860828183595, 53.8548541107346, 53.8496572499423, 53.8503467724823, 53.8490438873685, 53.8519891556127, 
53.8512823686355, 53.8519089528341, 53.8575378746034, 53.8578547452654, 53.860393938306, 53.8618207675693, 53.860907484201, 53.8615859070582, 53.8614113357171, 53.8582440002063, 53.8578558686216, 53.8599858531154, 53.8600330299697, 53.8637164480649, 53.860828183595)),0
"15","E02002344",list(c(-1.53527264413372, -1.53036143061562, -1.52589777218845, -1.52260963565319, -1.52236647333468, -1.51001232401775, -1.50180582835892, -1.50075440971843, -1.5102885413, -1.51091047086042, -1.51767774767176, -1.51626697027138, -1.52100886004653, -1.52182490948608, -1.53277280658491, -1.53483765449047, -1.53483995206082, -1.54080800349921, -1.54036229254065, -1.53527264413372, 53.8621033457873, 53.8566646103449, 53.8577602923551, 53.8558683780983, 53.8558062921214, 53.8568025355341, 53.856554907743, 
53.8564546301696, 53.8536279145605, 53.8535170015221, 53.8522755549856, 53.8496333418855, 53.8497351310695, 53.849594395902, 53.8481149346643, 53.8482766556097, 53.8517228534974, 53.8521169573703, 53.8569189221064, 53.8621033457873)),95.2226811822471
"16","E02002345",list(c(-1.5708368774446, -1.57679901695214, -1.58636767100382, -1.59278373454875, -1.59825041230672, -1.60360956362137, -1.60573445597283, -1.60823882426898, -1.61364417628599, -1.61465316729297, -1.61202503756989, -1.58831246863871, -1.57973264448544, -1.57493066989924, -1.56557111532882, -1.56370748168197, -1.5708368774446, 53.8429402527349, 53.8422029856187, 53.8460581066012, 53.8477423986466, 53.8562795390105, 53.8576224532834, 53.8581877423956, 53.8639144904387, 53.8650094676287, 53.8720878786659, 
53.8726933980421, 53.8687603963646, 53.8601254473827, 53.855327233401, 53.8498389354411, 53.847208261468, 53.8429402527349)),0
"17","E02002346",list(c(-1.60360956362137, -1.6065091595704, -1.61693569031392, -1.61938835315477, -1.61636892702485, -1.62256258686401, -1.62299170969144, -1.6291841798947, -1.62997081500217, -1.63002299218396, -1.62282858572733, -1.62162438038997, -1.62574175244206, -1.6154091525843, -1.61366038433798, -1.6131615902366, -1.60573445597283, -1.60360956362137, 53.8576224532834, 53.8516102959271, 53.8507022324644, 53.848860249253, 53.8455438397177, 53.8412931015547, 53.8416334572753, 53.8446591629205, 53.8472454808109, 
53.8502382165394, 53.8530262883008, 53.8555665021603, 53.8553632185164, 53.856366978292, 53.8532039352665, 53.8554413238481, 53.8581877423956, 53.8576224532834)),0
"18","E02002347",list(c(-1.53483995206082, -1.53483765449047, -1.54036819105956, -1.54955703790842, -1.55392994285307, -1.56188192158639, -1.56373887190673, -1.5708368774446, -1.56370748168197, -1.56557111532882, -1.56118937641393, -1.55585413248559, -1.55264692203679, -1.55123079264972, -1.54525568542942, -1.54036229254065, -1.54080800349921, -1.53483995206082, 53.8517228534974, 53.8482766556097, 53.8483404885389, 53.8449967153452, 53.8434593736191, 53.8422804561946, 53.8424309028428, 53.8429402527349, 53.847208261468, 
53.8498389354411, 53.8510625129104, 53.8513837364458, 53.8515274142073, 53.8570857782424, 53.8570420944329, 53.8569189221064, 53.8521169573703, 53.8517228534974)),791.701648755718
"19","E02002348",list(c(-1.59278373454875, -1.59369424322669, -1.59406576110705, -1.58601981448817, -1.58966631083273, -1.59369708802474, -1.59992005108219, -1.60462873790602, -1.60899358600901, -1.60887388746195, -1.61138545151368, -1.61979990403581, -1.62256258686401, -1.61636892702485, -1.61938835315477, -1.61693569031392, -1.6065091595704, -1.60360956362137, -1.59825041230672, -1.59278373454875, 53.8477423986466, 53.8439158767191, 53.8404106188375, 53.8423650030353, 53.8398042599153, 53.8380778744763, 53.8416076749458, 
53.8387941355016, 53.8384129311483, 53.8433540593752, 53.8443818237936, 53.8388997507647, 53.8412931015547, 53.8455438397177, 53.848860249253, 53.8507022324644, 53.8516102959271, 53.8576224532834, 53.8562795390105, 53.8477423986466)),1588.3064087678
"20","E02002349",list(c(-1.49796361428231, -1.47938232247952, -1.47999960040881, -1.47278422434472, -1.47252260952258, -1.47412981303838, -1.48062217389311, -1.48591028479403, -1.49123862497293, -1.49705575429584, -1.49400990595441, -1.49942975821559, -1.49970910955014, -1.50931581311799, -1.51183483668904, -1.51272593964414, -1.51360696954328, -1.51024659744901, -1.51570993658042, -1.51626697027138, -1.51767774767176, -1.51091047086042, -1.5102885413, -1.50075440971843, -1.49047927304591, -1.4895065887181, -1.49796361428231, 
53.8480635027668, 53.8432698268528, 53.8422294197093, 53.837194168982, 53.8370469029283, 53.8346216968322, 53.8365428696567, 53.8301656867645, 53.8352505817876, 53.8346982583188, 53.8322974382411, 53.8314454747642, 53.8340521106854, 53.8336074212372, 53.8401856735211, 53.8409285699451, 53.8452417940659, 53.8450259924278, 53.8487780547527, 53.8496333418855, 53.8522755549856, 53.8535170015221, 53.8536279145605, 53.8564546301696, 53.856421835139, 53.8510177226436, 53.8480635027668)),638.409110549725
"21","E02002350",list(c(-1.62997081500217, -1.6291841798947, -1.63319214094519, -1.63743761730537, -1.64141177628769, -1.64322389016412, -1.6505778564963, -1.65250991125548, -1.66374552044568, -1.66152671591193, -1.66044669061445, -1.65632947831896, -1.64125679080882, -1.63067688220278, -1.63066059446323, -1.62984847893299, -1.63002299218396, -1.62997081500217, 53.8472454808109, 53.8446591629205, 53.8452996825662, 53.8388642383986, 53.8362752822135, 53.8369027851354, 53.8362559349188, 53.836936300828, 53.8423703083134, 
53.8458586491051, 53.8496572499423, 53.8548541107346, 53.8582713574382, 53.8568785712956, 53.8568524388092, 53.8537375194118, 53.8502382165394, 53.8472454808109)),0
"22","E02002351",list(c(-1.44616700594483, -1.44727003517481, -1.44010929410698, -1.44418527050474, -1.43328925786123, -1.43446656181267, -1.42447628303807, -1.4238367456197, -1.40615809571953, -1.39667718316295, -1.4047042087203, -1.40408928315535, -1.4030317996092, -1.40023905218949, -1.41403006160268, -1.42515276540566, -1.43185469547713, -1.43618551815619, -1.44286757743018, -1.4441970278705, -1.45130415545291, -1.44930082151645, -1.47368281365725, -1.47938232247952, -1.49796361428231, -1.4895065887181, -1.49047927304591, 
-1.47095564646269, -1.4746060155096, -1.46840572621848, -1.4524081910337, -1.44616700594483, 53.8733040090584, 53.8704522642644, 53.8710405690272, 53.8635235523871, 53.8618115592237, 53.8558870195391, 53.8495517696774, 53.8431459186719, 53.8481101317594, 53.8345905723347, 53.8318369796969, 53.8291870188031, 53.8269978394283, 53.819673651358, 53.816956249781, 53.8199741289932, 53.8251316202366, 53.8247598147663, 53.8312219790074, 53.8347546171088, 53.8345800915923, 53.8434877850864, 53.8445201875274, 
53.8432698268528, 53.8480635027668, 53.8510177226436, 53.856421835139, 53.859386043251, 53.8622051622208, 53.86880282585, 53.8684760481207, 53.8733040090584)),583.60783903271
"23","E02002352",list(c(-1.52182490948608, -1.51833967743914, -1.5226249654475, -1.52133639140515, -1.52835578013205, -1.52965510313816, -1.53352394526772, -1.53909700073423, -1.53927111441507, -1.54344533962975, -1.5434947772505, -1.54157016707463, -1.53417327354446, -1.53746652770882, -1.54036819105956, -1.53483765449047, -1.53277280658491, -1.52182490948608, 53.849594395902, 53.8456325720055, 53.845741543409, 53.839998009197, 53.8383542800467, 53.8361479448563, 53.8338995036225, 53.8353609396094, 53.8356898859255, 
53.8333213510132, 53.8333380319331, 53.8412061230381, 53.8405911059144, 53.8444725480533, 53.8483404885389, 53.8482766556097, 53.8481149346643, 53.849594395902)),80.8088196779392
"24","E02002353",list(c(-1.51570993658042, -1.51024659744901, -1.51360696954328, -1.51272593964414, -1.51183483668904, -1.50931581311799, -1.52027299506085, -1.52018017417976, -1.5272885926472, -1.5239505119934, -1.52965510313816, -1.52835578013205, -1.52133639140515, -1.5226249654475, -1.51833967743914, -1.52182490948608, -1.52100886004653, -1.51626697027138, -1.51570993658042, 53.8487780547527, 53.8450259924278, 53.8452417940659, 53.8409285699451, 53.8401856735211, 53.8336074212372, 53.8336031193538, 53.8345560483632, 
53.8351998646636, 53.8384758014864, 53.8361479448563, 53.8383542800467, 53.839998009197, 53.845741543409, 53.8456325720055, 53.849594395902, 53.8497351310695, 53.8496333418855, 53.8487780547527)),0
"25","E02002354",list(c(-1.53746652770882, -1.53417327354446, -1.54157016707463, -1.5434947772505, -1.54344533962975, -1.54690995434241, -1.55252912645448, -1.55359131711767, -1.55413260429805, -1.55563933985706, -1.55893688552936, -1.55471295563683, -1.56186788242633, -1.56373887190673, -1.56188192158639, -1.55392994285307, -1.54955703790842, -1.54036819105956, -1.53746652770882, 53.8444725480533, 53.8405911059144, 53.8412061230381, 53.8333380319331, 53.8333213510132, 53.8286587485857, 53.8294431240402, 53.8308139234421, 
53.8312528078598, 53.8316796022271, 53.8350036702047, 53.8383971801851, 53.8365590345686, 53.8424309028428, 53.8422804561946, 53.8434593736191, 53.8449967153452, 53.8483404885389, 53.8444725480533)),1712.37415706593
"26","E02002356",list(c(-1.68544331272551, -1.67662321878021, -1.66947537988551, -1.66044669061445, -1.66152671591193, -1.66374552044568, -1.65250991125548, -1.6505778564963, -1.64322389016412, -1.64141177780733, -1.63524636983853, -1.63497251655043, -1.63860657674067, -1.63937731054674, -1.64463878756099, -1.65085738456895, -1.65434445084315, -1.65976391746071, -1.66179254032818, -1.66855050756419, -1.67604052572552, -1.68834205115707, -1.70314340694944, -1.70231774356897, -1.70227210933836, -1.69456283080297, -1.69399146882865, 
-1.68544331272551, 53.8519891556127, 53.8490438873685, 53.8503467724823, 53.8496572499423, 53.8458586491051, 53.8423703083134, 53.836936300828, 53.8362559349188, 53.8369027851354, 53.836275282218, 53.8336613265559, 53.8313160558827, 53.8282684147981, 53.8268597811522, 53.8264243907247, 53.8276134337252, 53.8285741996547, 53.8292421004393, 53.8278951833917, 53.830593907236, 53.835973319607, 53.8422190807165, 53.8363540407922, 53.8436860730723, 53.8438898643693, 53.8498882723116, 53.8512823686355, 
53.8519891556127)),0
"27","E02002357",list(c(-1.62395048380493, -1.62998209571978, -1.63860657674067, -1.63497251655043, -1.63524636983853, -1.64141177628769, -1.63743761730537, -1.63319214094519, -1.6291841798947, -1.62299170969144, -1.62256258686401, -1.61979990403581, -1.617761691296, -1.62395048380493, 53.8310597153396, 53.8272273261101, 53.8282684147981, 53.8313160558827, 53.8336613265559, 53.8362752822135, 53.8388642383986, 53.8452996825662, 53.8446591629205, 53.8416334572753, 53.8412931015547, 53.8388997507647, 53.834215144841, 
53.8310597153396)),0
"28","E02002358",list(c(-1.44930082151645, -1.45130415545291, -1.4441970278705, -1.44286757743018, -1.44781589368891, -1.451362841542, -1.45002269851709, -1.45503011918229, -1.46026761049953, -1.46231844239045, -1.47252260952258, -1.47278422434472, -1.47999960040881, -1.47938232247952, -1.47368281365725, -1.44930082151645, 53.8434877850864, 53.8345800915923, 53.8347546171088, 53.8312219790074, 53.8288503505498, 53.8266158753587, 53.8222145394342, 53.8197067031145, 53.828782343187, 53.830426277517, 53.8370469029283, 
53.837194168982, 53.8422294197093, 53.8432698268528, 53.8445201875274, 53.8434877850864)),583.60783903271
"29","E02002359",list(c(-1.38520501444126, -1.38696233394832, -1.36818246281295, -1.36301123814399, -1.36780289114735, -1.36023988112902, -1.35297030876927, -1.33842915424167, -1.34213759799866, -1.33480574884942, -1.33442078024093, -1.33141281605672, -1.33069777971809, -1.32655708592392, -1.32520861505799, -1.33105071782907, -1.33125153624677, -1.33428049804383, -1.33154331345697, -1.33099541024363, -1.3291094024632, -1.32834417025429, -1.30967330700369, -1.31038937959523, -1.3036235140686, -1.31243555418333, -1.31394134483286, 
-1.31381038776596, -1.32085528116858, -1.32371923387294, -1.32904219255938, -1.33127723783366, -1.34007995419793, -1.34446322194056, -1.34889587045091, -1.34895163879901, -1.35403346526121, -1.36477690286381, -1.36249122061574, -1.37372029995592, -1.37887596224588, -1.38316194239049, -1.38857342901455, -1.39428474046355, -1.40306474660562, -1.40260689708396, -1.40691982478805, -1.39737739003749, -1.40023905218949, -1.4030317996092, -1.40408928315535, -1.4047042087203, -1.39667718316295, -1.40615809571953, 
-1.4238367456197, -1.42447628303807, -1.43446656181267, -1.43328925786123, -1.44418527050474, -1.44010929410698, -1.44727003517481, -1.44616700594483, -1.43369167598329, -1.43021876312128, -1.41492950285863, -1.40847086993283, -1.40273912185372, -1.40086951956276, -1.39536071345462, -1.38520501444126, 53.8761126870403, 53.8671300745817, 53.8628015297311, 53.8600067995748, 53.857716816989, 53.8610580097337, 53.8567503678463, 53.8517443465818, 53.8451727212904, 53.8423019192637, 53.8421388471389, 53.8409826090861, 
53.8410305931563, 53.8404234929661, 53.8353463148513, 53.8355345859266, 53.8354781155178, 53.8344730887419, 53.8321727950606, 53.8319049393886, 53.8305687269768, 53.8301537265125, 53.8228950764834, 53.8199099394982, 53.8165358764192, 53.8143756624061, 53.8068272513545, 53.7815558530537, 53.7836719711384, 53.7933379832591, 53.7929743768465, 53.7973794430726, 53.7992591969089, 53.8100216314676, 53.7832161264889, 53.7827687380769, 53.782422301086, 53.7907891477522, 53.7997607916967, 53.7998595720903, 
53.80164518439, 53.8047950966177, 53.8023036023826, 53.7988540626752, 53.8003782879116, 53.8081336791981, 53.8090988169123, 53.8138260132031, 53.819673651358, 53.8269978394283, 53.8291870188031, 53.8318369796969, 53.8345905723347, 53.8481101317594, 53.8431459186719, 53.8495517696774, 53.8558870195391, 53.8618115592237, 53.8635235523871, 53.8710405690272, 53.8704522642644, 53.8733040090584, 53.8709947630284, 53.8754504158372, 53.8752138018773, 53.8713598430171, 53.8722912733986, 53.868911516086, 53.870975603114, 
53.8761126870403)),1892.10184297145
"30","E02002360",list(c(-1.56373887190673, -1.56186788242633, -1.55471295563683, -1.55893688552936, -1.55563933985706, -1.55413260429805, -1.55359131711767, -1.56037654580076, -1.5609049659761, -1.56719650127127, -1.5667219939587, -1.56800898496523, -1.57595160742207, -1.56387824433284, -1.57012675073843, -1.57679901695214, -1.5708368774446, -1.56373887190673, 53.8424309028428, 53.8365590345686, 53.8383971801851, 53.8350036702047, 53.8316796022271, 53.8312528078598, 53.8308139234421, 53.8269120570152, 53.8270620703156, 
53.8238996442704, 53.8283451729944, 53.8286056469354, 53.8326815566453, 53.8354119841332, 53.8362894984102, 53.8422029856187, 53.8429402527349, 53.8424309028428)),1841.52534825748
"31","E02002361",list(c(-1.52018017417976, -1.52027299506085, -1.50931581311799, -1.49970910955014, -1.49942975821559, -1.50523817764452, -1.50469522841416, -1.50109060718478, -1.50321629477916, -1.50626077795725, -1.50761079142063, -1.51119206435151, -1.51451535232584, -1.51440786903956, -1.51600116514924, -1.52004095327224, -1.52149419256558, -1.52604837048131, -1.52758789577653, -1.53352394526772, -1.52965510313816, -1.5239505119934, -1.5272885926472, -1.52018017417976, 53.8345560483632, 53.8336031193538, 53.8336074212372, 
53.8340521106854, 53.8314454747642, 53.8275911527844, 53.8272518256773, 53.8260610824133, 53.8234997728151, 53.8221118325276, 53.822032951015, 53.8243376322016, 53.8243419088856, 53.8200614236945, 53.8217235117267, 53.8248729213147, 53.82588154057, 53.8295346456018, 53.8311655044353, 53.8338995036225, 53.8361479448563, 53.8384758014864, 53.8351998646636, 53.8345560483632)),0
"32","E02002362",list(c(-1.60887388746195, -1.60899358600901, -1.60462873790602, -1.60466458138267, -1.60349157844681, -1.60418321041324, -1.59892377439647, -1.59920489650084, -1.60796161929055, -1.61707953280952, -1.61751634858895, -1.62998209571978, -1.62395048380493, -1.617761691296, -1.61979990403581, -1.61138545151368, -1.60887388746195, 53.8433540593752, 53.8384129311483, 53.8387941355016, 53.8330855165215, 53.8330971374765, 53.831186236191, 53.8231686891115, 53.8226339918579, 53.8218719436714, 53.8238770352112, 
53.8232734652346, 53.8272273261101, 53.8310597153396, 53.834215144841, 53.8388997507647, 53.8443818237936, 53.8433540593752)),19.2830713671838
"33","E02002363",list(c(-1.52604837048131, -1.52149419256558, -1.52004095327224, -1.52210453114193, -1.52837862065545, -1.53324778391926, -1.53456798004652, -1.53230500592898, -1.53634468661885, -1.53920614815089, -1.54599847459494, -1.54690995434241, -1.54344533962975, -1.53927111441507, -1.53909700073423, -1.53352394526772, -1.52758789577653, -1.52604837048131, 53.8295346456018, 53.82588154057, 53.8248729213147, 53.8218519817361, 53.8241558064019, 53.8283187690742, 53.8281574462751, 53.8248867015346, 53.8235498061831, 
53.8253364440204, 53.8249342537495, 53.8286587485857, 53.8333213510132, 53.8356898859255, 53.8353609396094, 53.8338995036225, 53.8311655044353, 53.8295346456018)),80.8088196779392
"34","E02002364",list(c(-1.46026761049953, -1.45503011918229, -1.45391753781913, -1.45875786369233, -1.45878436050706, -1.46465790115347, -1.4646761932599, -1.47115654242734, -1.46972878833779, -1.46983662260362, -1.47419440606585, -1.47958263455821, -1.47722019557669, -1.47513719132092, -1.47412981303838, -1.47252260952258, -1.46231844239045, -1.46026761049953, 53.828782343187, 53.8197067031145, 53.8171594694192, 53.818006550401, 53.8180880962115, 53.8203299614627, 53.8208343335514, 53.8213371513693, 53.8256594553003, 
53.8270013422156, 53.8267897794614, 53.8271997065611, 53.8297264575886, 53.8326717849539, 53.8346216968322, 53.8370469029283, 53.830426277517, 53.828782343187)),32.4667669894411
"35","E02002366",list(c(-1.47513719132092, -1.47722019557669, -1.48513356896689, -1.48544394455051, -1.49563223284583, -1.49846923384149, -1.50134342285495, -1.50561792726827, -1.50593327533409, -1.51500634891885, -1.51440786903956, -1.51451535232584, -1.51119206435151, -1.50761079142063, -1.50626077795725, -1.50321629477916, -1.50109060718478, -1.50469522841416, -1.50523817764452, -1.49942975821559, -1.49400990595441, -1.49705575429584, -1.49123862497293, -1.48591028479403, -1.48062217389311, -1.47412981303838, 
-1.47513719132092, 53.8326717849539, 53.8297264575886, 53.8244777088225, 53.8243782457722, 53.8211955410798, 53.820299674005, 53.819371367057, 53.8180659366121, 53.8179814069295, 53.8181479261514, 53.8200614236945, 53.8243419088856, 53.8243376322016, 53.822032951015, 53.8221118325276, 53.8234997728151, 53.8260610824133, 53.8272518256773, 53.8275911527844, 53.8314454747642, 53.8322974382411, 53.8346982583188, 53.8352505817876, 53.8301656867645, 53.8365428696567, 53.8346216968322, 53.8326717849539)),1285.45264566621
"36","E02002367",list(c(-1.54690995434241, -1.54599847459494, -1.54417486512597, -1.54052193718882, -1.53712045511631, -1.53215738049355, -1.53124802220305, -1.53595802525588, -1.5327929951139, -1.53624639434296, -1.53781490289064, -1.5378021110604, -1.54265448863198, -1.54602631966037, -1.54954060057293, -1.55572662430816, -1.55624876497191, -1.56541218781705, -1.56890856251929, -1.56719650127127, -1.5609049659761, -1.56037654580076, -1.55359131711767, -1.55252912645448, -1.54690995434241, 53.8286587485857, 53.8249342537495, 
53.822186006994, 53.8187061988448, 53.8200279168959, 53.8209533335562, 53.8180376363792, 53.8184629556627, 53.8170414029638, 53.8173323019934, 53.8128965918061, 53.8117165486255, 53.8137988290951, 53.8170952652961, 53.8186299472927, 53.8209521466174, 53.8202695968008, 53.8205675592902, 53.8238721747746, 53.8238996442704, 53.8270620703156, 53.8269120570152, 53.8308139234421, 53.8294431240402, 53.8286587485857)),3350.57819371347
"37","E02002368",list(c(-1.66855050756419, -1.66179254032818, -1.65470453469044, -1.65545696995888, -1.66141628019101, -1.66083641307943, -1.66844449886123, -1.66532136988806, -1.66133295353516, -1.65924480746985, -1.65992905300015, -1.66137358093577, -1.66416609637532, -1.66414242418572, -1.66845008812854, -1.66908106401845, -1.67415623259927, -1.68006599660575, -1.68239889756117, -1.69170148672953, -1.69507090494565, -1.70753780928522, -1.70808970435705, -1.70577110025354, -1.70629613932507, -1.7038509187542, -1.70365538863627, 
-1.70314340694944, -1.68834205115707, -1.67604052572552, -1.66855050756419, 53.830593907236, 53.8278951833917, 53.8282273393423, 53.8277320625235, 53.8238088278961, 53.8263864104789, 53.8247679457821, 53.822062910923, 53.8227201187351, 53.817165028089, 53.8170187110588, 53.8128798398934, 53.814297944131, 53.8114254554974, 53.811550456065, 53.8112622487904, 53.8120936858004, 53.8145440588079, 53.8124254023538, 53.8144325799408, 53.8095626677309, 53.8112841097659, 53.8144193005269, 53.8209854689568, 
53.829227613061, 53.8326822883238, 53.8357351860522, 53.8363540407922, 53.8422190807165, 53.835973319607, 53.830593907236)),4502.77535841878
"38","E02002369",list(c(-1.47958263455821, -1.47419440606585, -1.46983662259232, -1.46972878833779, -1.47115654242734, -1.4646761932599, -1.46465790115347, -1.47482426519413, -1.4779941453778, -1.4711819073615, -1.4726532057335, -1.47981856003669, -1.48090025725632, -1.48032117773837, -1.48865706004129, -1.4964685104627, -1.49846923384149, -1.49563223284583, -1.48544394455051, -1.48513356896689, -1.47722019557669, -1.47958263455821, 53.8271997065611, 53.8267897794614, 53.8270013431143, 53.8256594553003, 53.8213371513693, 
53.8208343335514, 53.8203299614627, 53.8164741081122, 53.8143846606578, 53.8148792291233, 53.8125327414227, 53.8129191590387, 53.8156932209851, 53.8175225819959, 53.8188921835737, 53.8178368820114, 53.820299674005, 53.8211955410798, 53.8243782457722, 53.8244777088225, 53.8297264575886, 53.8271997065611)),1248.41670820629
"39","E02002370",list(c(-1.44286757743018, -1.43618551815619, -1.43185469547713, -1.42515276540566, -1.43704090337523, -1.44466401446526, -1.44613770171836, -1.453252425758, -1.45391753781913, -1.45503011918229, -1.45002269851709, -1.451362841542, -1.44781589368891, -1.44286757743018, 53.8312219790074, 53.8247598147663, 53.8251316202366, 53.8199741289932, 53.8164152661066, 53.8153167253935, 53.8152766677285, 53.8151735605718, 53.8171594694192, 53.8197067031145, 53.8222145394342, 53.8266158753587, 53.8288503505498, 
53.8312219790074)),228.124107360439
"40","E02002371",list(c(-1.52837862065545, -1.52210453114193, -1.52004095327224, -1.51600116514924, -1.51739148530399, -1.5240943872207, -1.52454724091473, -1.52566855676446, -1.5279493100069, -1.53042856608117, -1.5378021110604, -1.53781490289064, -1.53624639434296, -1.5327929951139, -1.53595802525588, -1.53124802220305, -1.53215738049355, -1.53712045511631, -1.54052193718882, -1.54417486512597, -1.54599847459494, -1.53920614815089, -1.53634468661885, -1.53230500592898, -1.53456798004652, -1.53324778391926, -1.52837862065545, 
53.8241558064019, 53.8218519817361, 53.8248729213147, 53.8217235117267, 53.8188192734203, 53.816432352477, 53.8147011038991, 53.8108064527222, 53.8102051107405, 53.8109201071719, 53.8117165486255, 53.8128965918061, 53.8173323019934, 53.8170414029638, 53.8184629556627, 53.8180376363792, 53.8209533335562, 53.8200279168959, 53.8187061988448, 53.822186006994, 53.8249342537495, 53.8253364440204, 53.8235498061831, 53.8248867015346, 53.8281574462751, 53.8283187690742, 53.8241558064019)),418.204651203972
"41","E02002373",list(c(-1.57557680665271, -1.57640645705768, -1.57921901034816, -1.58355989367288, -1.58949833434342, -1.58993087428612, -1.58851457571669, -1.58442132609772, -1.58002215660689, -1.57252826746624, -1.57845801934688, -1.5749627485612, -1.57645885766192, -1.57705373810995, -1.57615924593354, -1.57557680665271, 53.8105847916606, 53.8103349231035, 53.8130531623101, 53.8148581329947, 53.8169428465509, 53.8183760541013, 53.8222607956911, 53.8222524818074, 53.8235712236572, 53.8242077274714, 53.8220352459862, 
53.8201588182725, 53.8170611715362, 53.8169584939014, 53.814250508717, 53.8105847916606)),308.071748354784
"42","E02002374",list(c(-1.61707953280952, -1.60796161929055, -1.59920489650084, -1.59892377439647, -1.58970307704769, -1.58851457571669, -1.58993087428612, -1.58949833434342, -1.58355989367288, -1.58390438431624, -1.58932302843116, -1.58550537639337, -1.59421470094574, -1.59856916985622, -1.6071918619895, -1.60561160336437, -1.61524233235992, -1.61751634858895, -1.61707953280952, 53.8238770352112, 53.8218719436714, 53.8226339918579, 53.8231686891115, 53.8237146006797, 53.8222607956911, 53.8183760541013, 53.8169428465509, 
53.8148581329947, 53.8145166259555, 53.8141249294546, 53.8106831937937, 53.8108262129203, 53.8110267886094, 53.8157899289322, 53.8176115818512, 53.8224849982206, 53.8232734652346, 53.8238770352112)),1520.31100693036
"43","E02002375",list(c(-1.62998209571978, -1.61751634858895, -1.61524233235992, -1.60561160336437, -1.6071918619895, -1.61367825754502, -1.6164448894396, -1.62230087864202, -1.62274841350207, -1.62600153256488, -1.62623421552134, -1.62500481220688, -1.63095862979352, -1.63388541089246, -1.63712967615844, -1.63485621167488, -1.64020609674732, -1.6462790810096, -1.65085738456895, -1.64463878756099, -1.63937731054674, -1.63860657674067, -1.62998209571978, 53.8272273261101, 53.8232734652346, 53.8224849982206, 53.8176115818512, 
53.8157899289322, 53.8140614340677, 53.8134531468725, 53.8119683344705, 53.8118640557647, 53.8134770373877, 53.8142106404245, 53.8163237214465, 53.8172203654332, 53.8163105387286, 53.8182602716216, 53.822086227277, 53.8205667479431, 53.8230510734337, 53.8276134337252, 53.8264243907247, 53.8268597811522, 53.8282684147981, 53.8272273261101)),3345.89684116499
"44","E02002376",list(c(-1.49846923384149, -1.4964685104627, -1.48865706004129, -1.48032117773837, -1.48090025725632, -1.49125802355568, -1.50122623603707, -1.50578340274164, -1.50678187028598, -1.50774987349361, -1.50960106086247, -1.50750778806568, -1.51359258373899, -1.51555203527062, -1.51500634891885, -1.50593327533409, -1.50561792726827, -1.50134342285495, -1.49846923384149, 53.820299674005, 53.8178368820114, 53.8188921835737, 53.8175225819959, 53.8156932209851, 53.8156885070878, 53.8105796295119, 53.8096163511712, 
53.8105290982861, 53.8126205789056, 53.8133975737267, 53.8161530209768, 53.8157921963438, 53.8173450742447, 53.8181479261514, 53.8179814069295, 53.8180659366121, 53.819371367057, 53.820299674005)),1198.58534666584
"45","E02002377",list(c(-1.51736585093495, -1.52566855676446, -1.52454724091473, -1.5240943872207, -1.51739148530399, -1.51600116514924, -1.51440786903956, -1.51500634891885, -1.51555203527062, -1.51359258373899, -1.51428400038788, -1.51727463041753, -1.51736585093495, 53.8116197494073, 53.8108064527222, 53.8147011038991, 53.816432352477, 53.8188192734203, 53.8217235117267, 53.8200614236945, 53.8181479261514, 53.8173450742447, 53.8157921963438, 53.8142585252911, 53.8126550414931, 53.8116197494073)),8.84326497637684
"46","E02002379",list(c(-1.453252425758, -1.45250399215873, -1.45248507842592, -1.45566883504718, -1.46352309241498, -1.46647605270398, -1.47891690660072, -1.47981856003669, -1.4726532057335, -1.4711819073615, -1.4779941453778, -1.47482426519413, -1.46465790115347, -1.45878436050706, -1.45875786369233, -1.45391753781913, -1.453252425758, 53.8151735605718, 53.8107653538554, 53.8102575439451, 53.8143576064022, 53.8094795042992, 53.8087489641853, 53.8122816044314, 53.8129191590387, 53.8125327414227, 53.8148792291233, 
53.8143846606578, 53.8164741081122, 53.8203299614627, 53.8180880962115, 53.818006550401, 53.8171594694192, 53.8151735605718)),1017.97125209365
"47","E02002380",list(c(-1.64627908100202, -1.64020609674732, -1.63485621167488, -1.63712967615844, -1.63388541089246, -1.63095862979352, -1.62500481220688, -1.62623421552134, -1.63209623629581, -1.63529414158069, -1.6356852603171, -1.64185618698222, -1.64634462539632, -1.65250736910876, -1.65308528508259, -1.65144090764064, -1.64770605624662, -1.65023017255544, -1.64627908100202, 53.8230510743325, 53.8205667479431, 53.822086227277, 53.8182602716216, 53.8163105387286, 53.8172203654332, 53.8163237214465, 53.8142106404245, 
53.8136881210063, 53.8110014188645, 53.8111479666846, 53.8123686928914, 53.8085772402891, 53.8116847983945, 53.8144781459614, 53.81231049192, 53.8147200400026, 53.8184166632183, 53.8230510743325)),1882.09338906493
"48","E02002381",list(c(-1.65434445084315, -1.65085738456895, -1.6462790810096, -1.65023017255544, -1.64770605624662, -1.65144090764064, -1.65308528508259, -1.65250736910876, -1.64634462539632, -1.6487085262463, -1.66472050114747, -1.66199681215329, -1.66137358093577, -1.65992905300015, -1.65924480746985, -1.66133295353516, -1.66532136988806, -1.66844449886123, -1.66083641307943, -1.66141628019101, -1.65545696995888, -1.65470453469044, -1.66179254032818, -1.65976391746071, -1.65434445084315, 53.8285741996547, 53.8276134337252, 
53.8230510734337, 53.8184166632183, 53.8147200400026, 53.81231049192, 53.8144781459614, 53.8116847983945, 53.8085772402891, 53.8068985199809, 53.8060612802561, 53.8107489051456, 53.8128798398934, 53.8170187110588, 53.817165028089, 53.8227201187351, 53.822062910923, 53.8247679457821, 53.8263864104789, 53.8238088278961, 53.8277320625235, 53.8282273393423, 53.8278951833917, 53.8292421004393, 53.8285741996547)),8055.99074814836
"49","E02002382",list(c(-1.512324781768, -1.51287282404525, -1.51711723626901, -1.51724549404457, -1.51736585093495, -1.51727463041753, -1.51428400038788, -1.51359258373899, -1.50750778806568, -1.50960106086247, -1.50774987349361, -1.50678187028598, -1.50578340274164, -1.50616738511973, -1.512324781768, 53.8071846003063, 53.8069307758926, 53.8097341590954, 53.8105640209589, 53.8116197494073, 53.8126550414931, 53.8142585252911, 53.8157921963438, 53.8161530209768, 53.8133975737267, 53.8126205789056, 53.8105290982861, 
53.8096163511712, 53.8095112756617, 53.8071846003063)),11.6759664691415
"50","E02002383",list(c(-1.56779768110679, -1.56923877503934, -1.56586136681428, -1.56863005776017, -1.57024441319969, -1.57046760665611, -1.57067484096726, -1.57640645705768, -1.57557680665271, -1.57615924593354, -1.57176190198389, -1.56898000335204, -1.56878495048907, -1.56779768110679, 53.8140606310603, 53.8118255017565, 53.8100279158495, 53.8064816183439, 53.8073292383287, 53.8074464646229, 53.8075401180236, 53.8103349231035, 53.8105847916606, 53.814250508717, 53.8131152849184, 53.8146497980324, 53.814660519474, 
53.8140606310603)),18.1393190120028
"51","E02002384",list(c(-1.54602631966037, -1.54265448863198, -1.5378021110604, -1.53042856608117, -1.53018547997666, -1.53427584903726, -1.53617446281914, -1.54554904721855, -1.54722889704314, -1.55139704924984, -1.55422355030096, -1.55126966951475, -1.56413016330077, -1.56168836011779, -1.56021942120678, -1.55748650838181, -1.55413239475691, -1.54602631966037, 53.8170952652961, 53.8137988290951, 53.8117165486255, 53.8109201071719, 53.8078540542938, 53.8024821476661, 53.8002861892396, 53.8051903352321, 53.8051784833275, 
53.804248992082, 53.8051440237779, 53.8092969383968, 53.8120835560657, 53.8147355928021, 53.8149153525663, 53.8145151051936, 53.8141752310109, 53.8170952652961)),2965.72346333485
"52","E02002385",list(c(-1.57921901034816, -1.57640645705768, -1.57067484096726, -1.57046760665611, -1.57024441319969, -1.56863005776017, -1.57314844619753, -1.5778830457829, -1.57904797123345, -1.5867404647252, -1.59084018352566, -1.59856916985622, -1.59421470094574, -1.58550537639337, -1.58932302843116, -1.58390438431624, -1.58355989519156, -1.57921901034816, 53.8130531623101, 53.8103349231035, 53.8075401180236, 53.8074464646229, 53.8073292383287, 53.8064816183439, 53.8031955282371, 53.8024142872418, 53.8023825013477, 
53.8032287423504, 53.8074050192423, 53.8110267886094, 53.8108262129203, 53.8106831937937, 53.8141249294546, 53.8145166259555, 53.814858133, 53.8130531623101)),71.0912714491686
"53","E02002386",list(c(-1.42515276540566, -1.41403006160268, -1.40023905218949, -1.39737739003749, -1.40691982478805, -1.40260689708396, -1.40306474660562, -1.39428474046355, -1.40010457611882, -1.40800241507479, -1.42471794579729, -1.41408946205821, -1.41427516060485, -1.41580559030965, -1.4255780193835, -1.43076282094795, -1.43516434438137, -1.44341403365988, -1.44900904199296, -1.44473662124468, -1.44685842339398, -1.45117578231259, -1.45206073425016, -1.45270417746805, -1.45379862722193, -1.45289708240875, -1.45248507842592, 
-1.45250399215873, -1.453252425758, -1.44613770171836, -1.44466401446526, -1.43704090337523, -1.42515276540566, 53.8199741289932, 53.816956249781, 53.819673651358, 53.8138260132031, 53.8090988169123, 53.8081336791981, 53.8003782879116, 53.7988540626752, 53.7984515847287, 53.7908462992107, 53.7946061587508, 53.7972362817894, 53.8006785259606, 53.8032160477507, 53.8041866732143, 53.8046041644106, 53.7999817118614, 53.7983244908588, 53.7986728182208, 53.7991241468638, 53.8011049784903, 53.8036861793482, 
53.8009046697872, 53.8006018914125, 53.8046099706219, 53.8082968236532, 53.8102575439451, 53.8107653538554, 53.8151735605718, 53.8152766677285, 53.8153167253935, 53.8164152661066, 53.8199741289932)),1440.72136418587
"54","E02002387",list(c(-1.62274841350207, -1.62665560953245, -1.62414496277261, -1.62266269170476, -1.6271029648246, -1.62882284969388, -1.63915154153695, -1.6408896828175, -1.64324410147007, -1.64668639972497, -1.6487085262463, -1.64634462539632, -1.64185618698222, -1.6356852603171, -1.63529414158069, -1.63209623629581, -1.62623421552134, -1.62600153256488, -1.62274841350207, 53.8118640557647, 53.8105921677344, 53.8075082075423, 53.8056622734895, 53.8057111986066, 53.8056956965553, 53.8042613588676, 53.8048329263875, 
53.8049633862978, 53.8042368084771, 53.8068985199809, 53.8085772402891, 53.8123686928914, 53.8111479666846, 53.8110014188645, 53.8136881210063, 53.8142106404245, 53.8134770373877, 53.8118640557647)),6227.79080129161
"55","E02002388",list(c(-1.61130611646258, -1.61410102539855, -1.62266269170476, -1.62414496277261, -1.62665560953245, -1.62274841350207, -1.62230087864202, -1.6164448894396, -1.61367825754502, -1.6071918619895, -1.59856916985622, -1.59084018352566, -1.59583939815637, -1.60479567906358, -1.61130611646258, 53.8036878133229, 53.8033855375168, 53.8056622734895, 53.8075082075423, 53.8105921677344, 53.8118640557647, 53.8119683344705, 53.8134531468725, 53.8140614340677, 53.8157899289322, 53.8110267886094, 53.8074050192423, 
53.8047952584841, 53.8044088815858, 53.8036878133229)),13162.038821033
"56","E02002389",list(c(-1.47886102190824, -1.4867889218901, -1.4875940701878, -1.4945375495343, -1.4995573053458, -1.49794255411294, -1.5020398039331, -1.50445514830532, -1.50616738511973, -1.50578340274164, -1.50122623603707, -1.49125802355568, -1.48090025725632, -1.47981856003669, -1.47891690660072, -1.47928056061623, -1.47882021635892, -1.48301308120433, -1.47886102190824, 53.8044654641391, 53.8014885219251, 53.8017005921252, 53.8016323227474, 53.8012596856441, 53.8040822830181, 53.8038087219205, 53.8061613113064, 
53.8095112756617, 53.8096163511712, 53.8105796295119, 53.8156885070878, 53.8156932209851, 53.8129191590387, 53.8122816044314, 53.8113508518928, 53.8077639558732, 53.8056696445431, 53.8044654641391)),4203.32693150611
"57","E02002390",list(c(-1.45248507842592, -1.45289708240875, -1.45379862722193, -1.46615570947667, -1.46755260864078, -1.47356588914432, -1.47800654478452, -1.48380318132414, -1.4867889218901, -1.47886102190824, -1.48301308120433, -1.47882021635892, -1.47928056061623, -1.47891690660072, -1.46647605270398, -1.46352309241498, -1.45566883504718, -1.45248507842592, 53.8102575439451, 53.8082968236532, 53.8046099706219, 53.8029573318253, 53.8028971355915, 53.802697852418, 53.7984515246319, 53.8004474479703, 53.8014885219251, 
53.8044654641391, 53.8056696445431, 53.8077639558732, 53.8113508518928, 53.8122816044314, 53.8087489641853, 53.8094795042992, 53.8143576064022, 53.8102575439451)),6189.04509785471
"58","E02002391",list(c(-1.67415623259927, -1.66908106401845, -1.66845008812854, -1.66414242418572, -1.66416609637532, -1.66137358093577, -1.66199681215329, -1.66472050114747, -1.6487085262463, -1.64668639972497, -1.64949995685146, -1.65198934579839, -1.6646240522087, -1.66404200701024, -1.66689704818773, -1.667613255825, -1.67604253791937, -1.67822510512407, -1.6800995323149, -1.67502268875605, -1.67497686544268, -1.68054063753447, -1.680981166452, -1.6848645484058, -1.68239889756117, -1.68006599660575, -1.67415623259927, 
53.8120936858004, 53.8112622487904, 53.811550456065, 53.8114254554974, 53.814297944131, 53.8128798398934, 53.8107489051456, 53.8060612802561, 53.8068985199809, 53.8042368084771, 53.8036035170997, 53.8030874539068, 53.8014622641845, 53.7986495805184, 53.7978667990938, 53.7979358289115, 53.7982719974643, 53.8027507215964, 53.8051835785761, 53.8080746176494, 53.8082439424563, 53.8078427575881, 53.8102233722619, 53.8096741466324, 53.8124254023538, 53.8145440588079, 53.8120936858004)),1651.9267931962
"59","E02002392",list(c(-1.55139704924984, -1.56064000038113, -1.56116280676208, -1.57053771643007, -1.57314844619753, -1.56863005776017, -1.56586136681428, -1.56413016330077, -1.55126966951475, -1.55422355030096, -1.55139704924984, 53.804248992082, 53.7973219758779, 53.7976387316441, 53.8019737965622, 53.8031955282371, 53.8064816183439, 53.8100279158495, 53.8120835560657, 53.8092969383968, 53.8051440237779, 53.804248992082)),1817.10224139346
"60","E02002393",list(c(-1.51724549404457, -1.51711723626901, -1.51287282404525, -1.5138837620238, -1.521436984841, -1.52286248695715, -1.51440080487455, -1.51838423647571, -1.52787779211556, -1.53370520215581, -1.53617446281914, -1.53427584903726, -1.53018547997666, -1.53042856608117, -1.5279493100069, -1.52566855676446, -1.51736585093495, -1.51724549404457, 53.8105640209589, 53.8097341590954, 53.8069307758926, 53.8065017165381, 53.8017441070007, 53.801117147764, 53.7975993413132, 53.797953262546, 53.7986616038599, 
53.7998262842349, 53.8002861892396, 53.8024821476661, 53.8078540542938, 53.8109201071719, 53.8102051107405, 53.8108064527222, 53.8116197494073, 53.8105640209589)),1426.49723431898
"61","E02002394",list(c(-1.50445514830532, -1.5020398039331, -1.49794255411294, -1.4995573053458, -1.50038229484133, -1.50878990390158, -1.51050137860763, -1.51174934917814, -1.51440080487455, -1.52286248695715, -1.521436984841, -1.5138837620238, -1.51287282404525, -1.512324781768, -1.50616738511973, -1.50445514830532, 53.8061613113064, 53.8038087219205, 53.8040822830181, 53.8012596856441, 53.8011263679033, 53.7989538457125, 53.7984233560628, 53.7980010225472, 53.7975993413132, 53.801117147764, 53.8017441070007, 
53.8065017165381, 53.8069307758926, 53.8071846003063, 53.8095112756617, 53.8061613113064)),1669.62366944806
"62","E02002395",list(c(-1.68239889756117, -1.6848645484058, -1.680981166452, -1.68054063753447, -1.67497686544268, -1.67502268875605, -1.6800995323149, -1.67822510512407, -1.67604253791937, -1.68066050358879, -1.68856332692444, -1.69290658891184, -1.70991298885434, -1.70968805733706, -1.70847108772087, -1.70648927145281, -1.70509686627046, -1.70129253936992, -1.70653109780943, -1.70831791035726, -1.70829709971881, -1.70807760087258, -1.70753780928522, -1.69507090494565, -1.69170148672953, -1.68239889756117, 53.8124254023538, 
53.8096741466324, 53.8102233722619, 53.8078427575881, 53.8082439424563, 53.8080746176494, 53.8051835785761, 53.8027507215964, 53.7982719974643, 53.7982439530714, 53.7999590801159, 53.797825511288, 53.7928966973775, 53.7931216816717, 53.7943843782592, 53.7973196083038, 53.79937405829, 53.80251971127, 53.8040550227817, 53.8099719469751, 53.8100940754022, 53.8102497111408, 53.8112841097659, 53.8095626677309, 53.8144325799408, 53.8124254023538)),7039.50031351952
"63","E02002396",list(c(-1.62266269170476, -1.61410102539855, -1.61130611646258, -1.60479567906358, -1.59583939815637, -1.5926542628237, -1.59221733203022, -1.59509297647391, -1.59258681575194, -1.59638133193545, -1.60879398427647, -1.61016294710904, -1.61450749539349, -1.61525033181174, -1.6260632113958, -1.6304710866562, -1.63915154153695, -1.62882284969388, -1.6271029648246, -1.62266269170476, 53.8056622734895, 53.8033855375168, 53.8036878133229, 53.8044088815858, 53.8047952584841, 53.7994678656314, 53.7993684816184, 
53.7975722889812, 53.7954678891985, 53.793337855748, 53.7959094549681, 53.7960754142986, 53.7973583463243, 53.797697871731, 53.8022953980921, 53.8014324886529, 53.8042613588676, 53.8056956965553, 53.8057111986066, 53.8056622734895)),12604.3839539279
"64","E02002397",list(c(-1.6304710866562, -1.6278602088061, -1.63387031665437, -1.63936664006407, -1.63996799580555, -1.65272890964973, -1.65772934570998, -1.65721099726814, -1.66079104082767, -1.6576178845766, -1.66404200701024, -1.6646240522087, -1.65198934579839, -1.64949995685146, -1.64668639972497, -1.64324410147007, -1.6408896828175, -1.63915154153695, -1.6304710866562, 53.8014324886529, 53.7985795638471, 53.7971465933726, 53.7944648827094, 53.7941293302944, 53.7925165615995, 53.7955224191167, 53.7976197852819, 
53.7982834583775, 53.8000935566846, 53.7986495805184, 53.8014622641845, 53.8030874539068, 53.8036035170997, 53.8042368084771, 53.8049633862978, 53.8048329263875, 53.8042613588676, 53.8014324886529)),0
"65","E02002398",list(c(-1.45379862722193, -1.45270417746805, -1.45206073425016, -1.45131055425668, -1.45062560766392, -1.45534488632289, -1.45027008587142, -1.44701715281174, -1.4318535763995, -1.44926434847784, -1.4479729106048, -1.45591467916046, -1.46997184246139, -1.47551677023919, -1.46702714115186, -1.48385291231818, -1.48282194572277, -1.47901117598155, -1.4712444225522, -1.47158480445818, -1.47800654478452, -1.47356588914432, -1.46755260864078, -1.46615570947667, -1.45379862722193, 53.8046099706219, 53.8006018914125, 
53.8009046697872, 53.7938621445896, 53.7937675374567, 53.7842189389762, 53.7841195872154, 53.7794388138001, 53.7785622719183, 53.7648641492143, 53.7615407815322, 53.7632886643236, 53.7697777117027, 53.7718664947588, 53.7752456521206, 53.7813489781333, 53.7889449522177, 53.7895052581029, 53.7925840256696, 53.7938109731219, 53.7984515246319, 53.802697852418, 53.8028971355915, 53.8029573318253, 53.8046099706219)),6297.50301927834
"66","E02002399",list(c(-1.49129807288659, -1.49166233017805, -1.4988971643934, -1.51093075285445, -1.52276419556736, -1.52487371791451, -1.51758148349547, -1.50951367114449, -1.50559539454098, -1.50467048872358, -1.5094665056932, -1.50998389867174, -1.50980178747659, -1.51174934917814, -1.51050137860763, -1.50878990390158, -1.50038229484133, -1.4995573053458, -1.4945375495343, -1.4875940701878, -1.48479716256531, -1.49388759926438, -1.49480647350009, -1.49129807288659, 53.7938200696184, 53.7754710412884, 53.7756362760566, 
53.776603596975, 53.7840948588904, 53.7869557014545, 53.7882158592186, 53.7840119858071, 53.7868091373438, 53.7913694122788, 53.7911281393914, 53.7942176236095, 53.794448187513, 53.7980010225472, 53.7984233560628, 53.7989538457125, 53.8011263679033, 53.8012596856441, 53.8016323227474, 53.8017005921252, 53.8001424787083, 53.7988229624528, 53.7961287248265, 53.7938200696184)),10418.0409688395
"67","E02002400",list(c(-1.5867404647252, -1.57904797123345, -1.5778830457829, -1.57314844619753, -1.57053771643007, -1.56116280676208, -1.56313998148154, -1.56651526300521, -1.57084958681303, -1.57731035148779, -1.58274651419624, -1.59127854718708, -1.59638133193545, -1.59258681575194, -1.59509297647391, -1.59221733203022, -1.5926542628237, -1.59583939815637, -1.59084018352566, -1.5867404647252, 53.8032287423504, 53.8023825013477, 53.8024142872418, 53.8031955282371, 53.8019737965622, 53.7976387316441, 53.7959370145362, 
53.7872603353058, 53.7878960791885, 53.7919581920692, 53.7926684720962, 53.7935554431945, 53.793337855748, 53.7954678891985, 53.7975722889812, 53.7993684816184, 53.7994678656314, 53.8047952584841, 53.8074050192423, 53.8032287423504)),6888.16136499546
"68","E02002401",list(c(-1.48385291231818, -1.46702714115186, -1.47551677023919, -1.46997184397849, -1.4857569547286, -1.49166367595652, -1.4988971643934, -1.49166233017805, -1.49129807288659, -1.49480647350009, -1.49388759926438, -1.48479716256531, -1.4875940701878, -1.4867889218901, -1.48380318132414, -1.47800654478452, -1.47158480294026, -1.4712444225522, -1.47901117598155, -1.48282194572277, -1.48385291231818, 53.7813489781333, 53.7752456521206, 53.7718664947588, 53.7697777117094, 53.7657666806566, 53.767201270824, 
53.7756362760566, 53.7754710412884, 53.7938200696184, 53.7961287248265, 53.7988229624528, 53.8001424787083, 53.8017005921252, 53.8014885219251, 53.8004474479703, 53.7984515246319, 53.7938109731152, 53.7925840256696, 53.7895052581029, 53.7889449522177, 53.7813489781333)),7536.54348999319
"69","E02002402",list(c(-1.41427516060485, -1.41408946205821, -1.42471794579729, -1.43065781143747, -1.4318535763995, -1.44701715281174, -1.45027008587142, -1.45534488632289, -1.45062560766392, -1.45131055425668, -1.45206073425016, -1.45117578231259, -1.44685842339398, -1.44473662124468, -1.44900904199296, -1.44341403365988, -1.43516434438137, -1.43076282094795, -1.4255780193835, -1.41580559030965, -1.41427516060485, 53.8006785259606, 53.7972362817894, 53.7946061587508, 53.7963740580855, 53.7785622719183, 53.7794388138001, 
53.7841195872154, 53.7842189389762, 53.7937675374567, 53.7938621445896, 53.8009046697872, 53.8036861793482, 53.8011049784903, 53.7991241468638, 53.7986728182208, 53.7983244908588, 53.7999817118614, 53.8046041644106, 53.8041866732143, 53.8032160477507, 53.8006785259606)),3853.99356901159
"70","E02002403",list(c(-1.37344875616166, -1.38134036255971, -1.3832573497055, -1.3877053699814, -1.38821909971188, -1.39174929895833, -1.39956348844942, -1.40800241507479, -1.40010457611882, -1.39428474046355, -1.38857342901455, -1.38316194239049, -1.37887596224588, -1.37372029995592, -1.37279523868984, -1.37561559386306, -1.37344875616166, 53.7927714540072, 53.7875037017146, 53.7895627191223, 53.7877545934053, 53.7901994091536, 53.7907790585229, 53.7884737755749, 53.7908462992107, 53.7984515847287, 53.7988540626752, 
53.8023036023826, 53.8047950966177, 53.80164518439, 53.7998595720903, 53.7971986103537, 53.793557189134, 53.7927714540072)),32.0769292242617
"71","E02002404",list(c(-1.51838423647571, -1.51440080487455, -1.51174934917814, -1.50980178747659, -1.50998389867174, -1.5094665056932, -1.50467048872358, -1.50559539454098, -1.50951367114449, -1.51758148349547, -1.52487371791451, -1.5249809839206, -1.52809296684544, -1.53481642774967, -1.53381623193145, -1.52919174480948, -1.52787779211556, -1.51838423647571, 53.797953262546, 53.7975993413132, 53.7980010225472, 53.794448187513, 53.7942176236095, 53.7911281393914, 53.7913694122788, 53.7868091373438, 53.7840119858071, 
53.7882158592186, 53.7869557014545, 53.787094180984, 53.7906638666339, 53.7937812211186, 53.7946083171277, 53.7975278520167, 53.7986616038599, 53.797953262546)),9560.87571186376
"72","E02002405",list(c(-1.68856332692444, -1.68066050358879, -1.67604253791937, -1.667613255825, -1.66689704818773, -1.66745482761514, -1.66868775878401, -1.66474037923206, -1.65847008382807, -1.6585662023763, -1.65875340383825, -1.67418438413573, -1.68184404129991, -1.68235038963175, -1.70342188809909, -1.71201585837873, -1.71173416247972, -1.70733331021171, -1.70991298885434, -1.69290658891184, -1.68856332692444, 53.7999590801159, 53.7982439530714, 53.7982719974643, 53.7979358289115, 53.7978667990938, 53.7928419104452, 
53.7921648071638, 53.7876617959019, 53.7860959104336, 53.7828980721075, 53.7798147206073, 53.7799855566379, 53.7851654646282, 53.7864224659366, 53.7834075103471, 53.783082726088, 53.783436992171, 53.78770632374, 53.7928966973775, 53.797825511288, 53.7999590801159)),0
"73","E02002406",list(c(-1.36477690286381, -1.35403346526121, -1.34895163879901, -1.34927429059826, -1.37523970967891, -1.38579474456899, -1.38629757751758, -1.39098439692616, -1.3877053699814, -1.3832573497055, -1.38134036255971, -1.37344875616166, -1.37561559386306, -1.37279523868984, -1.37372029995592, -1.36249122061574, -1.36477690286381, 53.7907891477522, 53.782422301086, 53.7827687380769, 53.7792668059496, 53.7824747133669, 53.783772549183, 53.7809332347215, 53.7812385130887, 53.7877545934053, 53.7895627191223, 
53.7875037017146, 53.7927714540072, 53.793557189134, 53.7971986103537, 53.7998595720903, 53.7997607916967, 53.7907891477522)),1821.30929407845
"74","E02002407",list(c(-1.60879398427647, -1.59638133193545, -1.59127854718708, -1.59073304147611, -1.59246071626747, -1.60461687305856, -1.60406976824524, -1.60589419144116, -1.60817672982769, -1.60653750816186, -1.6150065047632, -1.61797346593006, -1.61778942121716, -1.61805723896966, -1.61530893956526, -1.6160962263671, -1.61991225630672, -1.61450749539349, -1.61016294710904, -1.60879398427647, 53.7959094549681, 53.793337855748, 53.7935554431945, 53.7933728409172, 53.7912520558773, 53.7931172824163, 53.7917701718911, 
53.7864981097684, 53.7857856868491, 53.7841064394322, 53.7833674866017, 53.7866441625335, 53.7897014430578, 53.7924507288102, 53.7943043049436, 53.7945444562349, 53.7971784413713, 53.7973583463243, 53.7960754142986, 53.7959094549681)),0
"75","E02002408",list(c(-1.65772934570998, -1.65272890964973, -1.63996799580555, -1.64052996608567, -1.65875340383825, -1.6585662023763, -1.65847008382807, -1.66474038074983, -1.66868775878401, -1.66745482761514, -1.66689704818773, -1.66404200701024, -1.6576178845766, -1.66079104082767, -1.65721099726814, -1.65772934570998, 53.7955224191167, 53.7925165615995, 53.7941293302944, 53.7799321208462, 53.7798147206073, 53.7828980721075, 53.7860959104336, 53.7876617959061, 53.7921648071638, 53.7928419104452, 53.7978667990938, 
53.7986495805184, 53.8000935566846, 53.7982834583775, 53.7976197852819, 53.7955224191167)),6.33966731362511
"76","E02002409",list(c(-1.62448485401857, -1.62071306749355, -1.62107747905267, -1.63842299859229, -1.65161437534648, -1.6410649682462, -1.64052996608567, -1.63996799580555, -1.63936664006407, -1.63387031665437, -1.6278602088061, -1.6304710866562, -1.6260632113958, -1.61525033181174, -1.61450749539349, -1.61991225630672, -1.6160962263671, -1.61530893956526, -1.61805723897784, -1.61778942121716, -1.61797346593006, -1.62447879627458, -1.62631205293994, -1.62684675142887, -1.62104350879199, -1.62448485401857, 53.7722253013366, 
53.7665040139302, 53.7666113935969, 53.7653809695842, 53.767358162389, 53.7733949360818, 53.7799321208462, 53.7941293302944, 53.7944648827094, 53.7971465933726, 53.7985795638471, 53.8014324886529, 53.8022953980921, 53.797697871731, 53.7973583463243, 53.7971784413713, 53.7945444562349, 53.7943043049436, 53.7924507279114, 53.7897014430578, 53.7866441625335, 53.7856579511891, 53.7818939632255, 53.776657819068, 53.7755971996523, 53.7722253013366)),0
"77","E02002410",list(c(-1.57731035148779, -1.57084958681303, -1.57481541558773, -1.58689628607363, -1.58305845210258, -1.58910221543552, -1.59077485289946, -1.5968600387826, -1.59865452248199, -1.60589419144116, -1.60406976824524, -1.60461687305856, -1.59246071626747, -1.59073304147611, -1.59127854718708, -1.58274651419624, -1.57731035148779, 53.7919581920692, 53.7878960791885, 53.7816765015143, 53.7805975954669, 53.7834141561871, 53.7840557546834, 53.7871091131025, 53.7870930895535, 53.7839658689266, 53.7864981097684, 
53.7917701718911, 53.7931172824163, 53.7912520558773, 53.7933728409172, 53.7935554431945, 53.7926684720962, 53.7919581920692)),0
"78","E02002411",list(c(-1.56313998148154, -1.55749632897719, -1.55107639649097, -1.54551830460793, -1.55399645581046, -1.55958644348076, -1.55924887164187, -1.55607973039167, -1.55895997945909, -1.55883809647842, -1.55539257801476, -1.55602164673071, -1.5627908527601, -1.56361153740573, -1.56530203478137, -1.56722618622637, -1.57481541558773, -1.57084958681303, -1.56651526300521, -1.56313998148154, 53.7959370145362, 53.790544969394, 53.7918234500158, 53.787820844452, 53.7841315903411, 53.7851049457384, 53.7840071704648, 
53.7800850875795, 53.7803386560345, 53.7797543225526, 53.7776225713829, 53.7757862749815, 53.7749504832393, 53.7742924327173, 53.773296128252, 53.7786433400743, 53.7816765015143, 53.7878960791885, 53.7872603353058, 53.7959370145362)),766.140949389339
"79","E02002412",list(c(-1.58910221543552, -1.58305845210258, -1.58689628607363, -1.58795270736113, -1.58992488161208, -1.58539236975912, -1.59324274620006, -1.62071306749355, -1.62448485401857, -1.62104350879199, -1.62684675142887, -1.62631205293994, -1.62447879627458, -1.61797346593006, -1.6150065047632, -1.60653750816186, -1.60817672982769, -1.60589419144116, -1.59865452248199, -1.5968600387826, -1.59077485289946, -1.58910221543552, 53.7840557546834, 53.7834141561871, 53.7805975954669, 53.7794740543428, 53.7721996198365, 
53.7656394810667, 53.767219687419, 53.7665040139302, 53.7722253013366, 53.7755971996523, 53.776657819068, 53.7818939632255, 53.7856579511891, 53.7866441625335, 53.7833674866017, 53.7841064394322, 53.7857856868491, 53.7864981097684, 53.7839658689266, 53.7870930895535, 53.7871091131025, 53.7840557546834)),0
"80","E02002414",list(c(-1.54551830460793, -1.54447334070881, -1.53860216747618, -1.53409238234307, -1.53925541972128, -1.53836636484381, -1.53753428505303, -1.53895468414999, -1.54318563807601, -1.54573940342143, -1.5487627487356, -1.55262990417112, -1.55539257801476, -1.55883809647842, -1.55895997945909, -1.55607973039167, -1.55924887164187, -1.55958644348076, -1.55399645581046, -1.54551830460793, 53.787820844452, 53.7847969163489, 53.7859807484991, 53.7832294013519, 53.7810849423834, 53.7798253999214, 53.7781171514195, 
53.7758156842499, 53.7761199705239, 53.775129812824, 53.7787477821115, 53.7760139695153, 53.7776225713829, 53.7797543225526, 53.7803386560345, 53.7800850875795, 53.7840071704648, 53.7851049457384, 53.7841315903411, 53.787820844452)),2865.77305944089
"81","E02002415",list(c(-1.5487627487356, -1.54573940342143, -1.54318563807601, -1.53895468414999, -1.5396236828152, -1.54306495865677, -1.54828736137974, -1.54542519762077, -1.54883430211867, -1.55604380603006, -1.55462008771648, -1.55602164673071, -1.55539257801476, -1.55262990417112, -1.5487627487356, 53.7787477821115, 53.775129812824, 53.7761199705239, 53.7758156842499, 53.770958136092, 53.7747160183098, 53.7721930522447, 53.766555013244, 53.7672847923849, 53.7700157350558, 53.774317150444, 53.7757862749815, 
53.7776225713829, 53.7760139695153, 53.7787477821115)),1144.39011993263
"82","E02002416",list(c(-1.40800241355693, -1.39956348844942, -1.39174929895833, -1.38821909971188, -1.3877053699814, -1.39098439692616, -1.39024634472611, -1.39031898542369, -1.38370618346411, -1.38267409232219, -1.38844266155446, -1.38520676464363, -1.38825398495522, -1.39296940103806, -1.39641690601762, -1.40054914597674, -1.40998313919195, -1.4177889380882, -1.4205994779179, -1.42615567858323, -1.43064207629784, -1.43426546528168, -1.43755278754245, -1.4479729106048, -1.44926434847784, -1.4318535763995, -1.43065781143747, 
-1.42471794579729, -1.40800241355693, 53.7908462992032, 53.7884737755749, 53.7907790585229, 53.7901994091536, 53.7877545934053, 53.7812385130887, 53.7734859877276, 53.7731809232737, 53.7622048363328, 53.7613118301671, 53.7596696387715, 53.7472182799319, 53.7450784219343, 53.7476299270411, 53.7460978837217, 53.7484201860797, 53.7427685243571, 53.7455038286395, 53.7512517194826, 53.7526263838649, 53.7589117409511, 53.7571006426079, 53.7609523103621, 53.7615407815322, 53.7648641492143, 53.7785622719183, 
53.7963740580855, 53.7946061587508, 53.7908462992032)),5541.01627502304
"83","E02002417",list(c(-1.33127723783366, -1.32904219255938, -1.32371923387294, -1.32085528116858, -1.31381038776596, -1.30346462966798, -1.30678739999811, -1.29558217191417, -1.29222888242822, -1.29674923900446, -1.29494204112741, -1.31223838286903, -1.31535643824466, -1.30204353731551, -1.30820381034691, -1.3137893817238, -1.32225942420682, -1.33214537903409, -1.35862060774578, -1.36678809331483, -1.37370651721149, -1.35520511698997, -1.35458013477013, -1.37253692506644, -1.36752196440576, -1.36168859541547, -1.36565159211675, 
-1.36769700157511, -1.3707407080708, -1.37196626384907, -1.36896643860466, -1.3775781130852, -1.38086562369959, -1.38578170949203, -1.38275510670406, -1.38596255117722, -1.39031898541068, -1.39024634472611, -1.39098439692616, -1.38629757751758, -1.38579474456899, -1.37523970967891, -1.34927429059826, -1.34895163879901, -1.34889587045091, -1.34446322194056, -1.34007995419793, -1.33127723783366, 53.7973794430726, 53.7929743768465, 53.7933379832591, 53.7836719711384, 53.7815558530537, 53.7749276595842, 
53.773044207452, 53.7713125669513, 53.7605248343809, 53.7589537564738, 53.755463078239, 53.7558885964777, 53.7436803902675, 53.7417246732201, 53.7391051777571, 53.7409536679726, 53.7349707901615, 53.7357938759829, 53.7315595631008, 53.7391190997563, 53.7447788102462, 53.7466310673327, 53.7512351191563, 53.7560803378856, 53.7626686770041, 53.7671968479735, 53.7658654010025, 53.7685643422796, 53.7685650598407, 53.7717138233473, 53.7749825580113, 53.7765110179304, 53.7816573071937, 53.7797665072857, 
53.7782330114848, 53.774107022797, 53.7731809241725, 53.7734859877276, 53.7812385130887, 53.7809332347215, 53.783772549183, 53.7824747133669, 53.7792668059496, 53.7827687380769, 53.7832161264889, 53.8100216314676, 53.7992591969089, 53.7973794430726)),6857.88904112375
"84","E02002418",list(c(-1.37196626386247, -1.3707407080708, -1.36769700157511, -1.36565159211675, -1.36168859541547, -1.36752196440576, -1.37253692506644, -1.37521919371592, -1.38267409232219, -1.38370618346411, -1.39031898542369, -1.38596255117722, -1.38275510670406, -1.38578170949203, -1.38086562369959, -1.3775781130852, -1.36896643860466, -1.37196626386247, 53.7717138224485, 53.7685650598407, 53.7685643422796, 53.7658654010025, 53.7671968479735, 53.7626686770041, 53.7560803378856, 53.7576141103693, 53.7613118301671, 
53.7622048363328, 53.7731809232737, 53.774107022797, 53.7782330114848, 53.7797665072857, 53.7816573071937, 53.7765110179304, 53.7749825580113, 53.7717138224485)),3168.01596977777
"85","E02002419",list(c(-1.56722618622637, -1.56530203478137, -1.56361153740573, -1.56283193731021, -1.56284511148175, -1.5606301651654, -1.5637591985742, -1.56600217230325, -1.56465726430874, -1.56870527747249, -1.56999513539363, -1.57233676585326, -1.57539922851209, -1.58099430784476, -1.58539236975912, -1.58992488161208, -1.58795270736113, -1.58689628607363, -1.57481541558773, -1.56722618622637, 53.7786433400743, 53.773296128252, 53.7742924327173, 53.7707089642853, 53.7703058500052, 53.7665125049732, 53.7688521008259, 
53.7660740331082, 53.7632689609956, 53.7602855714316, 53.7590151379809, 53.7621584292509, 53.7658499760266, 53.7653459759891, 53.7656394810667, 53.7721996198365, 53.7794740543428, 53.7805975954669, 53.7816765015143, 53.7786433400743)),1144.17204399246
"86","E02002420",list(c(-1.54883430211867, -1.54542519762077, -1.54828736137974, -1.54306495865677, -1.5396236828152, -1.53969291102432, -1.53926672932193, -1.55297286078608, -1.5660191199434, -1.56870527747249, -1.56465726430874, -1.56600217230325, -1.5637591985742, -1.5606301651654, -1.56284511148175, -1.56283193731021, -1.56361153740573, -1.5627908527601, -1.55602164673071, -1.55462008771648, -1.55604380603006, -1.54883430211867, 53.7672847923849, 53.766555013244, 53.7721930522447, 53.7747160183098, 53.770958136092, 
53.7705667543338, 53.7658707818566, 53.7610776570807, 53.7574720508448, 53.7602855714316, 53.7632689609956, 53.7660740331082, 53.7688521008259, 53.7665125049732, 53.7703058500052, 53.7707089642853, 53.7742924327173, 53.7749504832393, 53.7757862749815, 53.774317150444, 53.7700157350558, 53.7672847923849)),3159.06833800915
"87","E02002421",list(c(-1.51782259144384, -1.52442736400307, -1.52953942932817, -1.53583552260687, -1.53904555732124, -1.53926672932193, -1.53969291102432, -1.5317991423892, -1.53844706621928, -1.5358877271363, -1.53064501414089, -1.52876341409508, -1.52417273642629, -1.52425004425349, -1.51782259144384, 53.7622138968841, 53.7603167872301, 53.7603515849678, 53.7609746935247, 53.7649691091174, 53.7658707818566, 53.7705667543338, 53.7707860792161, 53.773802114906, 53.7757337847447, 53.7728926223081, 53.7727948620098, 
53.768243210396, 53.7679648841186, 53.7622138968841)),1780.41482876987
"88","E02002422",list(c(-1.58539236975912, -1.58099430784476, -1.57539922851209, -1.57233676585326, -1.56999513539363, -1.57027267778853, -1.57864709376142, -1.58472603067943, -1.59332132651469, -1.59915614937289, -1.59974089218784, -1.60546612729185, -1.60493670790604, -1.59324274620006, -1.58539236975912, 53.7656394810667, 53.7653459759891, 53.7658499760266, 53.7621584292509, 53.7590151379809, 53.7535549973188, 53.754781733706, 53.7514218325152, 53.7494180236934, 53.7532030696841, 53.7557402413255, 53.7594037318969, 
53.7596253593688, 53.767219687419, 53.7656394810667)),1147.4789285611
"89","E02002423",list(c(-1.51361709014318, -1.50654335050145, -1.51389647637933, -1.51487427045154, -1.51545195784007, -1.51838976034522, -1.5259634271346, -1.53134711511832, -1.53172014105607, -1.53583552260687, -1.52953942932817, -1.52442736400307, -1.51782259144384, -1.52425004425349, -1.52417273642629, -1.51494669844463, -1.51361709014318, 53.7638417284465, 53.760368645697, 53.760786942978, 53.7561215378745, 53.754384678549, 53.75604810396, 53.7524444765144, 53.7503180288262, 53.7560234958325, 53.7609746935247, 
53.7603515849678, 53.7603167872301, 53.7622138968841, 53.7679648841186, 53.768243210396, 53.7695724570521, 53.7638417284465)),442.935036190061
"90","E02002424",list(c(-1.59324274620006, -1.60493670790604, -1.60546612729185, -1.59974089218784, -1.59915614937289, -1.60157633901442, -1.6077523979393, -1.6125470409949, -1.61600312240115, -1.61940993397592, -1.62612907058377, -1.63203020456563, -1.62554412198204, -1.6314983454305, -1.63305657248956, -1.63398012553181, -1.64024044013323, -1.63842299859229, -1.62107747905267, -1.62071306749355, -1.59324274620006, 53.767219687419, 53.7596253593688, 53.7594037318969, 53.7557402413255, 53.7532030696841, 53.7519506469909, 
53.747089422292, 53.7496559424464, 53.7464609136168, 53.749108750962, 53.7469646694182, 53.7517333187331, 53.7563369049883, 53.7589404209991, 53.7588658961075, 53.7630701073363, 53.7632481396675, 53.7653809695842, 53.7666113935969, 53.7665040139302, 53.767219687419)),0
"91","E02002425",list(c(-1.63398012553181, -1.63305657248956, -1.6314983454305, -1.62554412198204, -1.63203020456563, -1.62612907058377, -1.63857737301223, -1.6379680540142, -1.6459607673688, -1.65198859635658, -1.6583680083696, -1.65863650353349, -1.66335838562178, -1.67573096087019, -1.67621876942109, -1.6816813892353, -1.67983166451334, -1.66039903559457, -1.65161437534648, -1.63842299859229, -1.64024044013323, -1.63398012553181, 53.7630701073363, 53.7588658961075, 53.7589404209991, 53.7563369049883, 53.7517333187331, 
53.7469646694182, 53.746194031769, 53.7476688803647, 53.7470715575917, 53.7462401622908, 53.7454889613641, 53.746731306321, 53.7473492595678, 53.7521303475723, 53.7521581243863, 53.7564942611858, 53.757839254844, 53.7671817300145, 53.767358162389, 53.7653809695842, 53.7632481396675, 53.7630701073363)),1186.13669688339
"92","E02002426",list(c(-1.43755278754245, -1.43426546528168, -1.43064207629784, -1.42615567858323, -1.43237622100417, -1.44049546216835, -1.44264018474262, -1.44984272997242, -1.45620855195263, -1.4616863813363, -1.46062172177409, -1.45720241638393, -1.45744641506085, -1.46585860683949, -1.46284043622479, -1.46691353002393, -1.45802904009986, -1.4563483571361, -1.45649423857134, -1.45591467916046, -1.4479729106048, -1.43755278754245, 53.7609523103621, 53.7571006426079, 53.7589117409511, 53.7526263838649, 53.7507696049483, 
53.7552998929021, 53.7509704495988, 53.7360178154631, 53.7368197798001, 53.7457186827695, 53.7507341296819, 53.7500424996483, 53.7503167635487, 53.754269835449, 53.7557966303974, 53.7587269113239, 53.7574889391786, 53.7608245799634, 53.7628232426839, 53.7632886643236, 53.7615407815322, 53.7609523103621)),3524.06857975292
"93","E02002427",list(c(-1.48361568701024, -1.47370533086933, -1.46691353002393, -1.46284043622479, -1.46585860683949, -1.46562173886589, -1.47566800774318, -1.47909101503361, -1.47504262616639, -1.4799125976515, -1.48313404125499, -1.48808596790657, -1.48836231397382, -1.48155330629923, -1.48182718215989, -1.49496795487515, -1.49082288718574, -1.48695444669691, -1.48311778835864, -1.48116049195652, -1.48361568701024, 53.7590076965104, 53.7572217336346, 53.7587269113239, 53.7557966303974, 53.754269835449, 53.7516926696194, 
53.7487707802007, 53.7463893394544, 53.7400647460945, 53.7399580140027, 53.7446326811379, 53.7434286134643, 53.7473694991703, 53.7490147529805, 53.7511880975256, 53.7506780487213, 53.7558197675036, 53.7551742609754, 53.7533780238514, 53.7547277635364, 53.7590076965104)),0
"94","E02002428",list(c(-1.53172014105607, -1.53134711511832, -1.5259634271346, -1.51838976034522, -1.51545195784007, -1.51117057311614, -1.51561675993594, -1.51607069281363, -1.52774561525912, -1.53621071685707, -1.54186950940491, -1.54300384031128, -1.54967592465146, -1.55309053823541, -1.55875411701609, -1.5603422040669, -1.54936738297929, -1.55297286078608, -1.53926672932193, -1.53904555732124, -1.53583552260687, -1.53172014105607, 53.7560234958325, 53.7503180288262, 53.7524444765144, 53.75604810396, 53.754384678549, 
53.7436500000022, 53.7442828676573, 53.7443655914788, 53.7430368844269, 53.7464598364503, 53.7481309844469, 53.7477515442945, 53.74826215773, 53.7481177291107, 53.7511692224953, 53.7548449010972, 53.7567512428916, 53.7610776570807, 53.7658707818566, 53.7649691091174, 53.7609746935247, 53.7560234958325)),5814.85237409156
"95","E02002429",list(c(-1.46997184397849, -1.45591467916046, -1.45649423857134, -1.4563483571361, -1.45802904009986, -1.46691353002393, -1.47370533086933, -1.48361568701024, -1.48116049195652, -1.48311778835864, -1.48695444669691, -1.49082288718574, -1.49496795487515, -1.48182718215989, -1.48155330629923, -1.48836231397382, -1.48808596790657, -1.48313404125499, -1.4799125976515, -1.47504262616639, -1.47909101503361, -1.47566800774318, -1.46562173886589, -1.46585860683949, -1.45744641506085, -1.45720241638393, -1.46062172177409, 
-1.4616863813363, -1.45620855195263, -1.44984272997242, -1.44264018474262, -1.44049546216835, -1.43237622100417, -1.42615567858323, -1.4205994779179, -1.4177889380882, -1.42209757250866, -1.41374370049622, -1.41788667809037, -1.42710093658534, -1.434117622514, -1.42808012304726, -1.42819629399085, -1.42825714572314, -1.44283220779588, -1.47302572782357, -1.47413477055224, -1.47813513852345, -1.48306969051615, -1.50087354118192, -1.50365340491435, -1.50825102652261, -1.51117057311614, -1.51545195784007, 
-1.51487427045154, -1.51389647637933, -1.50654335050145, -1.50174370613704, -1.49915903921951, -1.49625159912702, -1.49166367595652, -1.4857569547286, -1.46997184397849, 53.7697777117094, 53.7632886643236, 53.7628232426839, 53.7608245799634, 53.7574889391786, 53.7587269113239, 53.7572217336346, 53.7590076965104, 53.7547277635364, 53.7533780238514, 53.7551742609754, 53.7558197675036, 53.7506780487213, 53.7511880975256, 53.7490147529805, 53.7473694991703, 53.7434286134643, 53.7446326811379, 53.7399580140027, 
53.7400647460945, 53.7463893394544, 53.7487707802007, 53.7516926696194, 53.754269835449, 53.7503167635487, 53.7500424996483, 53.7507341296819, 53.7457186827695, 53.7368197798001, 53.7360178154631, 53.7509704495988, 53.7552998929021, 53.7507696049483, 53.7526263838649, 53.7512517194826, 53.7455038286395, 53.7446449158925, 53.7354167928855, 53.7339217634713, 53.7264921698451, 53.7258287459927, 53.7214401436221, 53.7213757981203, 53.7213421149454, 53.7281298869367, 53.727845065005, 53.727828036026, 
53.7278550427364, 53.727674060516, 53.7361737285269, 53.7434167924887, 53.7413946807512, 53.7436500000022, 53.754384678549, 53.7561215378745, 53.760786942978, 53.760368645697, 53.7576864570426, 53.7587521462506, 53.7650590946741, 53.767201270824, 53.7657666806566, 53.7697777117094)),2614.66130852979
"96","E02002430",list(c(-1.55297286078608, -1.54936738297929, -1.5603422040669, -1.55875411701609, -1.55309053823541, -1.54967592465146, -1.54300384031128, -1.54186950940491, -1.53621071685707, -1.54049521430807, -1.54820891945363, -1.55532674525716, -1.56080440904752, -1.56374200432608, -1.5679879381045, -1.57027267778853, -1.56999513539363, -1.56870527747249, -1.5660191199434, -1.55297286078608, 53.7610776570807, 53.7567512428916, 53.7548449010972, 53.7511692224953, 53.7481177291107, 53.74826215773, 53.7477515442945, 
53.7481309844469, 53.7464598364503, 53.7404078160539, 53.7394468221945, 53.7374482927163, 53.7410024379858, 53.7472594595309, 53.746363296992, 53.7535549973188, 53.7590151379809, 53.7602855714316, 53.7574720508448, 53.7610776570807)),5318.26400311028
"97","E02002431",list(c(-1.57641396583352, -1.58214236453226, -1.5901342007777, -1.59020804796784, -1.59327966328814, -1.59712743652376, -1.59837318510997, -1.60017787248749, -1.59332132651469, -1.58472603067943, -1.57864709376142, -1.57027267778853, -1.5679879381045, -1.57641396583352, 53.7345937809355, 53.7332286453639, 53.7339896488066, 53.741782395921, 53.7426380079651, 53.7429925386014, 53.7458097556888, 53.7490760703694, 53.7494180236934, 53.7514218325152, 53.754781733706, 53.7535549973188, 53.746363296992, 
53.7345937809355)),2909.43174429935
"98","E02002432",list(c(-1.35520511698997, -1.37370651721149, -1.36678809331483, -1.35862060774578, -1.36732261972259, -1.36767257709881, -1.37202954713723, -1.39069266512245, -1.39895101082321, -1.41197821515873, -1.42808012304726, -1.434117622514, -1.42710093658534, -1.41788667809037, -1.41374370049622, -1.42209757250866, -1.4177889380882, -1.40998313919195, -1.40054914597674, -1.39641690601762, -1.39296940103806, -1.38825398495522, -1.38520676464363, -1.38844266003774, -1.38267409232219, -1.37521919371592, -1.37253692506644, 
-1.35458013477013, -1.35520511698997, 53.7466310673327, 53.7447788102462, 53.7391190997563, 53.7315595631008, 53.7297612201188, 53.7296741121338, 53.7295852577036, 53.7246430227775, 53.7193882626725, 53.723103527412, 53.7214401436221, 53.7258287459927, 53.7264921698451, 53.7339217634713, 53.7354167928855, 53.7446449158925, 53.7455038286395, 53.7427685243571, 53.7484201860797, 53.7460978837217, 53.7476299270411, 53.7450784219343, 53.7472182799319, 53.7596696387638, 53.7613118301671, 53.7576141103693, 
53.7560803378856, 53.7512351191563, 53.7466310673327)),6981.58151621799
"99","E02002433",list(c(-1.5901342007777, -1.5987821339034, -1.5995447812742, -1.60225456960589, -1.61154150089404, -1.60650934340739, -1.60543613392973, -1.60627951839372, -1.61251563997914, -1.6077523979393, -1.60157633901442, -1.59915614937289, -1.59332132651469, -1.60017787248749, -1.59837318510997, -1.59712743652376, -1.59327966328814, -1.59020804796784, -1.5901342007777, 53.7339896488066, 53.7300024893113, 53.7376689868782, 53.7380087804948, 53.7384743669077, 53.7421381993724, 53.7423696650219, 53.7452156685778, 
53.7466157696589, 53.747089422292, 53.7519506469909, 53.7532030696841, 53.7494180236934, 53.7490760703694, 53.7458097556888, 53.7429925386014, 53.7426380079651, 53.741782395921, 53.7339896488066)),10.2892791264832
"100","E02002434",list(c(-1.53621071685707, -1.52774561525912, -1.51607069281363, -1.51561675993594, -1.51117057311614, -1.50825102652261, -1.50365340491435, -1.50087354118192, -1.48306969051615, -1.48796368789879, -1.48913279202432, -1.50132325714562, -1.50557845720955, -1.51079047503868, -1.51526083521641, -1.51718319987677, -1.54116451007638, -1.55532674525716, -1.54820891945363, -1.54049521430807, -1.53621071685707, 53.7464598364503, 53.7430368844269, 53.7443655914788, 53.7442828676573, 53.7436500000022, 53.7413946807512, 
53.7434167924887, 53.7361737285269, 53.727674060516, 53.7277339697664, 53.7235214416221, 53.7236871947675, 53.7291193691802, 53.7296297678458, 53.7260875557369, 53.7247821966562, 53.7337175542355, 53.7374482927163, 53.7394468221945, 53.7404078160539, 53.7464598364503)),5362.46147548541
"101","E02002435",list(c(-1.61251563997914, -1.60627951839372, -1.60543613392973, -1.60650934340739, -1.61154150089404, -1.60225456960589, -1.5995447812742, -1.5987821339034, -1.5901342007777, -1.58214236453226, -1.57641396583352, -1.57502687617062, -1.56925836840348, -1.57824210190272, -1.5750109139072, -1.57903945104612, -1.57777254731089, -1.58890755049071, -1.60959627246665, -1.61505931026977, -1.62313128558979, -1.62323011800873, -1.62678587469124, -1.63211048686212, -1.63199390030958, -1.63856987241681, -1.63857737301223, 
-1.62612907058377, -1.61940993397592, -1.61600312240115, -1.6125470409949, -1.6077523979393, -1.61251563997914, 53.7466157696589, 53.7452156685778, 53.7423696650219, 53.7421381993724, 53.7384743669077, 53.7380087804948, 53.7376689868782, 53.7300024893113, 53.7339896488066, 53.7332286453639, 53.7345937809355, 53.7333889689228, 53.729785004748, 53.7309730761408, 53.7281850812081, 53.7273215961103, 53.7253868386429, 53.7173552930874, 53.7211024090939, 53.7197071230359, 53.7184671154699, 53.7211211265719, 
53.7240126774054, 53.7303506810094, 53.7315930834496, 53.7461886611204, 53.746194031769, 53.7469646694182, 53.749108750962, 53.7464609136168, 53.7496559424464, 53.747089422292, 53.7466157696589)),1987.64195019121
"102","E02002436",list(c(-1.52794763562144, -1.54342547018323, -1.5448908730913, -1.55759704346163, -1.56453323786698, -1.56518254301208, -1.56574142820302, -1.57502687617062, -1.57641396583352, -1.5679879381045, -1.56374200432608, -1.56080440904752, -1.55532674525716, -1.54116451007638, -1.51718319987677, -1.52316433761368, -1.52794763562144, 53.7188888594943, 53.7119179699431, 53.7157396580803, 53.7201587340803, 53.7245759948915, 53.7296058284453, 53.7327356892886, 53.7333889689228, 53.7345937809355, 53.746363296992, 
53.7472594595309, 53.7410024379858, 53.7374482927163, 53.7337175542355, 53.7247821966562, 53.7214083090271, 53.7188888594943)),1729.44608310827
"103","E02002437",list(c(-1.56574142820302, -1.56518254301208, -1.56453323786698, -1.55759704346163, -1.5448908730913, -1.54342547018323, -1.55311353325496, -1.55926516104297, -1.57113252601895, -1.5821313124807, -1.58890755049071, -1.57777254731089, -1.57903945104612, -1.5750109139072, -1.57824210190272, -1.56925836840348, -1.57502687617062, -1.56574142820302, 53.7327356892886, 53.7296058284453, 53.7245759948915, 53.7201587340803, 53.7157396580803, 53.7119179699431, 53.7035848903135, 53.6990006336651, 53.706431703397, 
53.7139019371109, 53.7173552930874, 53.7253868386429, 53.7273215961103, 53.7281850812081, 53.7309730761408, 53.729785004748, 53.7333889689228, 53.7327356892886)),1393.94263699745
"104","E02006852",list(c(-1.58636767100382, -1.57679901695214, -1.57012675073843, -1.56387824433284, -1.57595160742207, -1.56800898496523, -1.5667219939587, -1.56719650127127, -1.56890856251929, -1.57252826746624, -1.58002215660689, -1.58442132609772, -1.58851457571669, -1.58970307704769, -1.59892377439647, -1.60418321041324, -1.60349157844681, -1.60466458138267, -1.60462873790602, -1.59992005108219, -1.59369708802474, -1.58966631083273, -1.58601981448817, -1.59406576110705, -1.59369424322669, -1.59278373454875, -1.58636767100382, 
53.8460581066012, 53.8422029856187, 53.8362894984102, 53.8354119841332, 53.8326815566453, 53.8286056469354, 53.8283451729944, 53.8238996442704, 53.8238721747746, 53.8242077274714, 53.8235712236572, 53.8222524818074, 53.8222607956911, 53.8237146006797, 53.8231686891115, 53.831186236191, 53.8330971374765, 53.8330855165215, 53.8387941355016, 53.8416076749458, 53.8380778744763, 53.8398042599153, 53.8423650030353, 53.8404106188375, 53.8439158767191, 53.8477423986466, 53.8460581066012)),3586.5053281266
"105","E02006861",list(c(-1.56541218781705, -1.55624876497191, -1.55572662430816, -1.54954060057293, -1.54602631966037, -1.55413239475691, -1.55748650838181, -1.56021942120678, -1.56168836011779, -1.56413016330077, -1.56586136681428, -1.56923877503934, -1.56779768110679, -1.56878495048907, -1.56898000335204, -1.57176190198389, -1.57615924593354, -1.57705373810995, -1.57645885766192, -1.5749627485612, -1.57845801934688, -1.57252826746624, -1.56890856251929, -1.56541218781705, 53.8205675592902, 53.8202695968008, 53.8209521466174, 
53.8186299472927, 53.8170952652961, 53.8141752310109, 53.8145151051936, 53.8149153525663, 53.8147355928021, 53.8120835560657, 53.8100279158495, 53.8118255017565, 53.8140606310603, 53.814660519474, 53.8146497980324, 53.8131152849184, 53.814250508717, 53.8169584939014, 53.8170611715362, 53.8201588182725, 53.8220352459862, 53.8242077274714, 53.8238721747746, 53.8205675592902)),17.2364949991698
"106","E02006875",list(c(-1.52919174480948, -1.53381623193145, -1.53481642774967, -1.53858323721062, -1.53952360018931, -1.53548146883769, -1.53860216748604, -1.54447334070881, -1.54551830460793, -1.55107639649097, -1.55749632897719, -1.56313998148154, -1.56116280676208, -1.56064000038113, -1.55139704924984, -1.54722889704314, -1.54554904721855, -1.53617446281914, -1.53370520215581, -1.52787779211556, -1.52919174480948, 53.7975278520167, 53.7946083171277, 53.7937812211186, 53.7938666451244, 53.7933857256384, 53.788068864209, 
53.7859807476003, 53.7847969163489, 53.787820844452, 53.7918234500158, 53.790544969394, 53.7959370145362, 53.7976387316441, 53.7973219758779, 53.804248992082, 53.8051784833275, 53.8051903352321, 53.8002861892396, 53.7998262842349, 53.7986616038599, 53.7975278520167)),4120.63957414723
"107","E02006876",list(c(-1.4988971643934, -1.49166367595652, -1.49625159912702, -1.49915903921951, -1.50174370613704, -1.50654335050145, -1.51361709014318, -1.51494669844463, -1.52417273642629, -1.52876341409508, -1.53064501414089, -1.5358877271363, -1.53844706621928, -1.5317991423892, -1.53969291102432, -1.5396236828152, -1.53895468414999, -1.53753428505303, -1.53836636484381, -1.53925541972128, -1.53409238234307, -1.53860216747618, -1.53548146883769, -1.53952360018931, -1.53858323721062, -1.53481642774967, -1.52809296684544, 
-1.5249809839206, -1.52487371791451, -1.52276419556736, -1.51093075285445, -1.4988971643934, 53.7756362760566, 53.767201270824, 53.7650590946741, 53.7587521462506, 53.7576864570426, 53.760368645697, 53.7638417284465, 53.7695724570521, 53.768243210396, 53.7727948620098, 53.7728926223081, 53.7757337847447, 53.773802114906, 53.7707860792161, 53.7705667543338, 53.770958136092, 53.7758156842499, 53.7781171514195, 53.7798253999214, 53.7810849423834, 53.7832294013519, 53.7859807484991, 53.788068864209, 
53.7933857256384, 53.7938666451244, 53.7937812211186, 53.7906638666339, 53.787094180984, 53.7869557014545, 53.7840948588904, 53.776603596975, 53.7756362760566)),5415.424956831
